station_id,station,district,basin,river,updated,level,normal,alert,warning,danger,is_reservoir,stress,suspect,state,scraped_at
0730891WL,Sg. Nenggiri di Belatop (F1),Gua Musang,Sungai Kelantan,Sg. Nenggiri,2026-08-08 19:00:00+08:00,612.0,605.5,676.0,678.0,680.0,False,0.087248322147651,True,KEL,2026-08-08T15:26:07.194532+00:00
,Sg. Galas di Kg. Pulai (F1),Gua Musang,Sungai Kelantan,Sg. Galas,2026-08-08 22:30:00+08:00,102.8,107.8,108.1,108.9,109.7,False,0.0,False,KEL,2026-08-08T15:26:07.194532+00:00
0730851WL,Sg. Galas di Kg. Lembaga (F1),Gua Musang,Sungai Kelantan,Sg. Galas,2026-08-08 16:30:00+08:00,82.63,82.4,83.7,85.6,87.9,False,0.04181818181817996,False,KEL,2026-08-08T15:26:07.194532+00:00
,Sg. Aring di Jalan Felda Aring (F1),Gua Musang,Sungai Kelantan,Sg. Lebir,2026-08-08 06:30:00+08:00,61.49,62.0,68.0,70.0,72.0,False,0.0,False,KEL,2026-08-08T15:26:07.194532+00:00
0731531WL,Sg. Lebir di Kuala Koh (F1),Gua Musang,Sungai Kelantan,Sg. Lebir,2026-08-08 19:00:00+08:00,62.73,62.0,67.0,71.0,75.0,False,0.056153846153845915,False,KEL,2026-08-08T15:26:07.194532+00:00
0730931WL,Sg. Galas di Limau Kasturi (F1),Gua Musang,Sungai Kelantan,Sg. Galas,2026-08-08 22:30:00+08:00,54.08,53.0,56.0,60.0,61.0,False,0.1349999999999998,False,KEL,2026-08-08T15:26:07.194532+00:00
0730831WL,Sg. Nenggiri di Bertam (F1),Gua Musang,Sungai Kelantan,Sg. Nenggiri,2026-08-08 22:30:00+08:00,47.5,50.4,53.7,56.2,58.1,False,0.0,False,KEL,2026-08-08T15:26:07.194532+00:00
,Sg. Galas di Dabong (F1),Kuala Krai,Sungai Kelantan,Sg. Galas,2026-08-08 22:15:00+08:00,27.48,28.0,35.0,37.0,38.0,False,0.0,False,KEL,2026-08-08T15:26:07.194532+00:00
0730971WL,Sg. Lebir di Kg. Tualang (F1),Kuala Krai,Sungai Kelantan,Sg. Lebir,2026-08-08 17:00:00+08:00,24.01,23.0,30.0,34.0,35.0,False,0.08416666666666679,False,KEL,2026-08-08T15:26:07.194532+00:00
0730761WL,Sg. Lebir di Kg. Karangan (F1),Kuala Krai,Sungai Kelantan,Sg. Lebir,2026-08-08 22:30:00+08:00,21.45,19.0,27.0,33.0,34.0,False,0.16333333333333327,False,KEL,2026-08-08T15:26:07.194532+00:00
0730871WL,Sg. Lebir di Kg. Manik Urai (F1),Kuala Krai,Sungai Kelantan,Sg. Lebir,2026-08-08 22:30:00+08:00,19.96,19.1,30.0,32.0,33.0,False,0.06187050359712227,False,KEL,2026-08-08T15:26:07.194532+00:00
,Sg. Pahi di Kg. Pahi (F1),Kuala Krai,Sungai Kelantan,Sg. Lebir,2026-08-08 22:15:00+08:00,19.55,17.8,28.0,30.0,32.0,False,0.12323943661971831,False,KEL,2026-08-08T15:26:07.194532+00:00
,Sg. Kelantan di Kuala Krai (F1),Kuala Krai,Sungai Kelantan,Sg. Kelantan,2026-08-08 19:00:00+08:00,16.41,17.0,20.0,22.5,25.0,False,0.0,False,KEL,2026-08-08T15:26:07.194532+00:00
0730821WL,Sg. Nal di Kg. Sungai Nal (F1),Kuala Krai,Sungai Kelantan,Sg. Nal,2026-08-08 22:30:00+08:00,18.3,21.0,23.5,24.0,25.0,False,0.0,False,KEL,2026-08-08T15:26:07.194532+00:00
,Sg. Pergau di Kg. Lawar (F1),Jeli,Sungai Kelantan,Sg. Pergau,2026-08-08 22:30:00+08:00,99.75,95.0,101.0,102.0,103.0,False,0.59375,False,KEL,2026-08-08T15:26:07.194532+00:00
0731241WL,Sg. Pergau di Air Bol (F1),Jeli,Sungai Kelantan,Sg. Pergau,2026-08-07 16:30:00+08:00,-9999.0,70.0,71.3,73.0,74.7,False,0.0,False,KEL,2026-08-08T15:26:07.194532+00:00
,Sg. Lanas di Air Lanas (F1),Jeli,Sungai Golok,Sg. Lanas,2026-08-08 22:30:00+08:00,25.05,27.0,28.5,29.0,29.5,False,0.0,False,KEL,2026-08-08T15:26:07.194532+00:00
,Sg. Kelantan di Kusial Baru (F1),Tanah Merah,Sungai Kelantan,Sg. Kelantan,2026-08-08 22:30:00+08:00,7.18,7.0,12.0,14.0,16.0,False,0.01999999999999997,False,KEL,2026-08-08T15:26:07.194532+00:00
0731371WL,Sg. Kelantan di Kusial (F1),Tanah Merah,Sungai Kelantan,Sg. Kelantan,2026-08-07 23:30:00+08:00,7.12,7.0,12.0,14.0,16.0,False,0.013333333333333345,False,KEL,2026-08-08T15:26:07.194532+00:00
0740261WL,Sg. Golok di Kg. Jenob (F1),Tanah Merah,Sungai Golok,Sg. Golok,2026-08-08 22:30:00+08:00,18.38,19.0,21.5,22.5,23.5,False,0.0,False,KEL,2026-08-08T15:26:07.194532+00:00
0731361WL,Sg. Kelantan di Kg. Temangan (F1),Machang,Sungai Kelantan,Sg. Kelantan,2026-08-07 23:30:00+08:00,9.33,12.0,14.0,15.5,17.5,False,0.0,False,KEL,2026-08-08T15:26:07.194532+00:00
0730103WL,Sg. Kelantan di Air Mulih (F1),Pasir Mas,Sungai Kelantan,Sg. Kelantan,2026-08-08 22:30:00+08:00,1.28,4.0,9.0,9.82,10.65,False,0.0,False,KEL,2026-08-08T15:26:07.194532+00:00
,Empangan Bukit Kwong (F1),Pasir Mas,Sungai Golok,Sg. Golok,2026-08-08 22:30:00+08:00,18.98,16.76,17.22,17.37,17.72,True,1.5,False,KEL,2026-08-08T15:26:07.194532+00:00
0740121WL,Sg. Golok di Rantau Panjang (F1),Pasir Mas,Sungai Golok,Sg. Golok,2026-08-08 22:30:00+08:00,5.02,5.0,7.0,8.0,9.0,False,0.004999999999999893,False,KEL,2026-08-08T15:26:07.194532+00:00
0730581WL,Sg. Kelantan di Jambatan Tendong (F2),Pasir Mas,Sungai Kelantan,Sg. Kelantan,2026-08-08 22:30:00+08:00,0.92,3.0,4.0,5.0,6.0,False,0.0,False,KEL,2026-08-08T15:26:07.194532+00:00
,Sg. Kelantan di Kg. Salor (F1),Kota Bharu,Sungai Kelantan,Sg. Salor,2026-08-08 22:30:00+08:00,5.37,1.0,9.0,9.8,10.6,False,0.4552083333333334,False,KEL,2026-08-08T15:26:07.194532+00:00
0730671WL,Sg. Kelantan di Tambatan D'Raja (F1),Kota Bharu,Sungai Kelantan,Sg. Kelantan,2026-08-08 22:15:00+08:00,-0.08,1.0,3.0,4.0,5.0,False,0.0,False,KEL,2026-08-08T15:26:07.194532+00:00
0731301WL,Sg. Kelantan di Kuala Besar (F1),Kota Bharu,Sungai Kelantan,Sg. Kelantan,2026-08-08 22:30:00+08:00,0.8,1.3,1.5,1.7,1.85,False,0.0,False,KEL,2026-08-08T15:26:07.194532+00:00
0740241WL,Sg. Golok di Kuala Jambu (F1),Tumpat,Sungai Golok,Sg. Golok,2026-08-08 22:30:00+08:00,1.11,0.7,2.0,2.5,3.0,False,0.17826086956521747,False,KEL,2026-08-08T15:26:07.194532+00:00
0720101WL,Sg. Melor di Jambatan Melor (F2),Bachok,Sungai Kemasin,Sg. Melor,2026-08-08 22:30:00+08:00,5.34,6.0,7.0,8.0,9.0,False,0.0,False,KEL,2026-08-08T15:26:07.194532+00:00
0710121WL,Sg. Buaya Ikat di Kg. Pulau Lima (F2),Pasir Puteh,Sungai Semerak,Sg. Buaya Ikat,2026-08-08 22:30:00+08:00,0.76,1.0,2.0,3.0,4.0,False,0.0,False,KEL,2026-08-08T15:26:07.194532+00:00
0710161WL,Sg. Semerak di Tok Bali (F2),Pasir Puteh,Sungai Semerak,Sg. Semerak,2026-08-08 22:30:00+08:00,1.36,0.0,2.5,3.0,4.0,False,0.34,False,KEL,2026-08-08T15:26:07.194532+00:00
0730891WL,Sg. Nenggiri di Belatop (F1),Gua Musang,Sungai Kelantan,Sg. Nenggiri,2026-08-08 23:30:00+08:00,611.9,605.5,676.0,678.0,680.0,False,0.08590604026845607,True,KEL,2026-08-08T16:18:42.678895+00:00
,Sg. Galas di Kg. Pulai (F1),Gua Musang,Sungai Kelantan,Sg. Galas,2026-08-09 00:00:00+08:00,102.8,107.8,108.1,108.9,109.7,False,0.0,False,KEL,2026-08-08T16:18:42.678895+00:00
0730851WL,Sg. Galas di Kg. Lembaga (F1),Gua Musang,Sungai Kelantan,Sg. Galas,2026-08-09 00:00:00+08:00,82.62,82.4,83.7,85.6,87.9,False,0.03999999999999979,False,KEL,2026-08-08T16:18:42.678895+00:00
,Sg. Aring di Jalan Felda Aring (F1),Gua Musang,Sungai Kelantan,Sg. Lebir,2026-08-08 14:00:00+08:00,-9999.0,62.0,68.0,70.0,72.0,False,0.0,False,KEL,2026-08-08T16:18:42.678895+00:00
0731531WL,Sg. Lebir di Kuala Koh (F1),Gua Musang,Sungai Kelantan,Sg. Lebir,2026-08-08 23:30:00+08:00,62.73,62.0,67.0,71.0,75.0,False,0.056153846153845915,False,KEL,2026-08-08T16:18:42.678895+00:00
0730931WL,Sg. Galas di Limau Kasturi (F1),Gua Musang,Sungai Kelantan,Sg. Galas,2026-08-09 00:00:00+08:00,54.09,53.0,56.0,60.0,61.0,False,0.13625000000000043,False,KEL,2026-08-08T16:18:42.678895+00:00
0730831WL,Sg. Nenggiri di Bertam (F1),Gua Musang,Sungai Kelantan,Sg. Nenggiri,2026-08-09 00:00:00+08:00,47.5,50.4,53.7,56.2,58.1,False,0.0,False,KEL,2026-08-08T16:18:42.678895+00:00
,Sg. Galas di Dabong (F1),Kuala Krai,Sungai Kelantan,Sg. Galas,2026-08-08 23:30:00+08:00,27.45,28.0,35.0,37.0,38.0,False,0.0,False,KEL,2026-08-08T16:18:42.678895+00:00
0730971WL,Sg. Lebir di Kg. Tualang (F1),Kuala Krai,Sungai Kelantan,Sg. Lebir,2026-08-09 00:00:00+08:00,24.01,23.0,30.0,34.0,35.0,False,0.08416666666666679,False,KEL,2026-08-08T16:18:42.678895+00:00
0730761WL,Sg. Lebir di Kg. Karangan (F1),Kuala Krai,Sungai Kelantan,Sg. Lebir,2026-08-09 00:00:00+08:00,21.45,19.0,27.0,33.0,34.0,False,0.16333333333333327,False,KEL,2026-08-08T16:18:42.678895+00:00
0730871WL,Sg. Lebir di Kg. Manik Urai (F1),Kuala Krai,Sungai Kelantan,Sg. Lebir,2026-08-09 00:00:00+08:00,19.96,19.1,30.0,32.0,33.0,False,0.06187050359712227,False,KEL,2026-08-08T16:18:42.678895+00:00
,Sg. Pahi di Kg. Pahi (F1),Kuala Krai,Sungai Kelantan,Sg. Lebir,2026-08-08 23:45:00+08:00,19.54,17.8,28.0,30.0,32.0,False,0.12253521126760553,False,KEL,2026-08-08T16:18:42.678895+00:00
,Sg. Kelantan di Kuala Krai (F1),Kuala Krai,Sungai Kelantan,Sg. Kelantan,2026-08-08 23:30:00+08:00,16.37,17.0,20.0,22.5,25.0,False,0.0,False,KEL,2026-08-08T16:18:42.678895+00:00
0730821WL,Sg. Nal di Kg. Sungai Nal (F1),Kuala Krai,Sungai Kelantan,Sg. Nal,2026-08-09 00:00:00+08:00,18.3,21.0,23.5,24.0,25.0,False,0.0,False,KEL,2026-08-08T16:18:42.678895+00:00
,Sg. Pergau di Kg. Lawar (F1),Jeli,Sungai Kelantan,Sg. Pergau,2026-08-09 00:00:00+08:00,99.75,95.0,101.0,102.0,103.0,False,0.59375,False,KEL,2026-08-08T16:18:42.678895+00:00
0731241WL,Sg. Pergau di Air Bol (F1),Jeli,Sungai Kelantan,Sg. Pergau,2026-08-07 16:30:00+08:00,-9999.0,70.0,71.3,73.0,74.7,False,0.0,False,KEL,2026-08-08T16:18:42.678895+00:00
,Sg. Lanas di Air Lanas (F1),Jeli,Sungai Golok,Sg. Lanas,2026-08-09 00:00:00+08:00,25.05,27.0,28.5,29.0,29.5,False,0.0,False,KEL,2026-08-08T16:18:42.678895+00:00
,Sg. Kelantan di Kusial Baru (F1),Tanah Merah,Sungai Kelantan,Sg. Kelantan,2026-08-09 00:00:00+08:00,7.16,7.0,12.0,14.0,16.0,False,0.017777777777777795,False,KEL,2026-08-08T16:18:42.678895+00:00
0731371WL,Sg. Kelantan di Kusial (F1),Tanah Merah,Sungai Kelantan,Sg. Kelantan,2026-08-08 23:30:00+08:00,7.28,7.0,12.0,14.0,16.0,False,0.031111111111111138,False,KEL,2026-08-08T16:18:42.678895+00:00
0740261WL,Sg. Golok di Kg. Jenob (F1),Tanah Merah,Sungai Golok,Sg. Golok,2026-08-09 00:00:00+08:00,18.4,19.0,21.5,22.5,23.5,False,0.0,False,KEL,2026-08-08T16:18:42.678895+00:00
0731361WL,Sg. Kelantan di Kg. Temangan (F1),Machang,Sungai Kelantan,Sg. Kelantan,2026-08-08 23:30:00+08:00,9.38,12.0,14.0,15.5,17.5,False,0.0,False,KEL,2026-08-08T16:18:42.678895+00:00
0730103WL,Sg. Kelantan di Air Mulih (F1),Pasir Mas,Sungai Kelantan,Sg. Kelantan,2026-08-09 00:00:00+08:00,1.3,4.0,9.0,9.82,10.65,False,0.0,False,KEL,2026-08-08T16:18:42.678895+00:00
,Empangan Bukit Kwong (F1),Pasir Mas,Sungai Golok,Sg. Golok,2026-08-09 00:00:00+08:00,17.69,16.76,17.22,17.37,17.72,True,0.9687500000000024,False,KEL,2026-08-08T16:18:42.678895+00:00
0740121WL,Sg. Golok di Rantau Panjang (F1),Pasir Mas,Sungai Golok,Sg. Golok,2026-08-09 00:00:00+08:00,4.99,5.0,7.0,8.0,9.0,False,0.0,False,KEL,2026-08-08T16:18:42.678895+00:00
0730581WL,Sg. Kelantan di Jambatan Tendong (F2),Pasir Mas,Sungai Kelantan,Sg. Kelantan,2026-08-09 00:00:00+08:00,1.04,3.0,4.0,5.0,6.0,False,0.0,False,KEL,2026-08-08T16:18:42.678895+00:00
,Sg. Kelantan di Kg. Salor (F1),Kota Bharu,Sungai Kelantan,Sg. Salor,2026-08-09 00:00:00+08:00,5.36,1.0,9.0,9.8,10.6,False,0.4541666666666667,False,KEL,2026-08-08T16:18:42.678895+00:00
0730671WL,Sg. Kelantan di Tambatan D'Raja (F1),Kota Bharu,Sungai Kelantan,Sg. Kelantan,2026-08-09 00:00:00+08:00,0.07,1.0,3.0,4.0,5.0,False,0.0,False,KEL,2026-08-08T16:18:42.678895+00:00
0731301WL,Sg. Kelantan di Kuala Besar (F1),Kota Bharu,Sungai Kelantan,Sg. Kelantan,2026-08-09 00:00:00+08:00,0.8,1.3,1.5,1.7,1.85,False,0.0,False,KEL,2026-08-08T16:18:42.678895+00:00
0740241WL,Sg. Golok di Kuala Jambu (F1),Tumpat,Sungai Golok,Sg. Golok,2026-08-09 00:00:00+08:00,1.1,0.7,2.0,2.5,3.0,False,0.17391304347826095,False,KEL,2026-08-08T16:18:42.678895+00:00
0720101WL,Sg. Melor di Jambatan Melor (F2),Bachok,Sungai Kemasin,Sg. Melor,2026-08-09 00:00:00+08:00,5.33,6.0,7.0,8.0,9.0,False,0.0,False,KEL,2026-08-08T16:18:42.678895+00:00
0710121WL,Sg. Buaya Ikat di Kg. Pulau Lima (F2),Pasir Puteh,Sungai Semerak,Sg. Buaya Ikat,2026-08-09 00:00:00+08:00,0.76,1.0,2.0,3.0,4.0,False,0.0,False,KEL,2026-08-08T16:18:42.678895+00:00
0710161WL,Sg. Semerak di Tok Bali (F2),Pasir Puteh,Sungai Semerak,Sg. Semerak,2026-08-09 00:00:00+08:00,1.36,0.0,2.5,3.0,4.0,False,0.34,False,KEL,2026-08-08T16:18:42.678895+00:00
0730891WL,Sg. Nenggiri di Belatop (F1),Gua Musang,Sungai Kelantan,Sg. Nenggiri,2026-08-08 23:30:00+08:00,611.9,605.5,676.0,678.0,680.0,False,0.08590604026845607,True,KEL,2026-08-08T17:19:45.491658+00:00
,Sg. Galas di Kg. Pulai (F1),Gua Musang,Sungai Kelantan,Sg. Galas,2026-08-09 00:45:00+08:00,102.8,107.8,108.1,108.9,109.7,False,0.0,False,KEL,2026-08-08T17:19:45.491658+00:00
0730851WL,Sg. Galas di Kg. Lembaga (F1),Gua Musang,Sungai Kelantan,Sg. Galas,2026-08-09 00:45:00+08:00,82.62,82.4,83.7,85.6,87.9,False,0.03999999999999979,False,KEL,2026-08-08T17:19:45.491658+00:00
,Sg. Aring di Jalan Felda Aring (F1),Gua Musang,Sungai Kelantan,Sg. Lebir,2026-08-08 14:30:00+08:00,-9999.0,62.0,68.0,70.0,72.0,False,0.0,False,KEL,2026-08-08T17:19:45.491658+00:00
0731531WL,Sg. Lebir di Kuala Koh (F1),Gua Musang,Sungai Kelantan,Sg. Lebir,2026-08-08 23:30:00+08:00,62.73,62.0,67.0,71.0,75.0,False,0.056153846153845915,False,KEL,2026-08-08T17:19:45.491658+00:00
0730931WL,Sg. Galas di Limau Kasturi (F1),Gua Musang,Sungai Kelantan,Sg. Galas,2026-08-09 00:45:00+08:00,54.11,53.0,56.0,60.0,61.0,False,0.13874999999999993,False,KEL,2026-08-08T17:19:45.491658+00:00
0730831WL,Sg. Nenggiri di Bertam (F1),Gua Musang,Sungai Kelantan,Sg. Nenggiri,2026-08-09 01:00:00+08:00,47.5,50.4,53.7,56.2,58.1,False,0.0,False,KEL,2026-08-08T17:19:45.491658+00:00
,Sg. Galas di Dabong (F1),Kuala Krai,Sungai Kelantan,Sg. Galas,2026-08-09 00:45:00+08:00,27.42,28.0,35.0,37.0,38.0,False,0.0,False,KEL,2026-08-08T17:19:45.491658+00:00
0730971WL,Sg. Lebir di Kg. Tualang (F1),Kuala Krai,Sungai Kelantan,Sg. Lebir,2026-08-09 00:45:00+08:00,24.01,23.0,30.0,34.0,35.0,False,0.08416666666666679,False,KEL,2026-08-08T17:19:45.491658+00:00
0730761WL,Sg. Lebir di Kg. Karangan (F1),Kuala Krai,Sungai Kelantan,Sg. Lebir,2026-08-09 00:45:00+08:00,21.45,19.0,27.0,33.0,34.0,False,0.16333333333333327,False,KEL,2026-08-08T17:19:45.491658+00:00
0730871WL,Sg. Lebir di Kg. Manik Urai (F1),Kuala Krai,Sungai Kelantan,Sg. Lebir,2026-08-09 01:00:00+08:00,19.96,19.1,30.0,32.0,33.0,False,0.06187050359712227,False,KEL,2026-08-08T17:19:45.491658+00:00
,Sg. Pahi di Kg. Pahi (F1),Kuala Krai,Sungai Kelantan,Sg. Lebir,2026-08-09 00:30:00+08:00,19.53,17.8,28.0,30.0,32.0,False,0.12183098591549299,False,KEL,2026-08-08T17:19:45.491658+00:00
,Sg. Kelantan di Kuala Krai (F1),Kuala Krai,Sungai Kelantan,Sg. Kelantan,2026-08-08 23:30:00+08:00,16.37,17.0,20.0,22.5,25.0,False,0.0,False,KEL,2026-08-08T17:19:45.491658+00:00
0730821WL,Sg. Nal di Kg. Sungai Nal (F1),Kuala Krai,Sungai Kelantan,Sg. Nal,2026-08-09 01:00:00+08:00,18.3,21.0,23.5,24.0,25.0,False,0.0,False,KEL,2026-08-08T17:19:45.491658+00:00
,Sg. Pergau di Kg. Lawar (F1),Jeli,Sungai Kelantan,Sg. Pergau,2026-08-09 00:45:00+08:00,99.62,95.0,101.0,102.0,103.0,False,0.5775000000000006,False,KEL,2026-08-08T17:19:45.491658+00:00
0731241WL,Sg. Pergau di Air Bol (F1),Jeli,Sungai Kelantan,Sg. Pergau,2026-08-07 16:30:00+08:00,-9999.0,70.0,71.3,73.0,74.7,False,0.0,False,KEL,2026-08-08T17:19:45.491658+00:00
,Sg. Lanas di Air Lanas (F1),Jeli,Sungai Golok,Sg. Lanas,2026-08-09 00:45:00+08:00,25.05,27.0,28.5,29.0,29.5,False,0.0,False,KEL,2026-08-08T17:19:45.491658+00:00
,Sg. Kelantan di Kusial Baru (F1),Tanah Merah,Sungai Kelantan,Sg. Kelantan,2026-08-09 01:00:00+08:00,7.19,7.0,12.0,14.0,16.0,False,0.021111111111111153,False,KEL,2026-08-08T17:19:45.491658+00:00
0731371WL,Sg. Kelantan di Kusial (F1),Tanah Merah,Sungai Kelantan,Sg. Kelantan,2026-08-08 23:30:00+08:00,7.28,7.0,12.0,14.0,16.0,False,0.031111111111111138,False,KEL,2026-08-08T17:19:45.491658+00:00
0740261WL,Sg. Golok di Kg. Jenob (F1),Tanah Merah,Sungai Golok,Sg. Golok,2026-08-09 00:45:00+08:00,18.38,19.0,21.5,22.5,23.5,False,0.0,False,KEL,2026-08-08T17:19:45.491658+00:00
0731361WL,Sg. Kelantan di Kg. Temangan (F1),Machang,Sungai Kelantan,Sg. Kelantan,2026-08-08 23:30:00+08:00,9.38,12.0,14.0,15.5,17.5,False,0.0,False,KEL,2026-08-08T17:19:45.491658+00:00
0730103WL,Sg. Kelantan di Air Mulih (F1),Pasir Mas,Sungai Kelantan,Sg. Kelantan,2026-08-09 00:45:00+08:00,1.28,4.0,9.0,9.82,10.65,False,0.0,False,KEL,2026-08-08T17:19:45.491658+00:00
,Empangan Bukit Kwong (F1),Pasir Mas,Sungai Golok,Sg. Golok,2026-08-09 00:45:00+08:00,17.69,16.76,17.22,17.37,17.72,True,0.9687500000000024,False,KEL,2026-08-08T17:19:45.491658+00:00
0740121WL,Sg. Golok di Rantau Panjang (F1),Pasir Mas,Sungai Golok,Sg. Golok,2026-08-09 00:45:00+08:00,4.98,5.0,7.0,8.0,9.0,False,0.0,False,KEL,2026-08-08T17:19:45.491658+00:00
0730581WL,Sg. Kelantan di Jambatan Tendong (F2),Pasir Mas,Sungai Kelantan,Sg. Kelantan,2026-08-09 00:45:00+08:00,1.12,3.0,4.0,5.0,6.0,False,0.0,False,KEL,2026-08-08T17:19:45.491658+00:00
,Sg. Kelantan di Kg. Salor (F1),Kota Bharu,Sungai Kelantan,Sg. Salor,2026-08-09 00:45:00+08:00,5.36,1.0,9.0,9.8,10.6,False,0.4541666666666667,False,KEL,2026-08-08T17:19:45.491658+00:00
0730671WL,Sg. Kelantan di Tambatan D'Raja (F1),Kota Bharu,Sungai Kelantan,Sg. Kelantan,2026-08-09 00:45:00+08:00,0.13,1.0,3.0,4.0,5.0,False,0.0,False,KEL,2026-08-08T17:19:45.491658+00:00
0731301WL,Sg. Kelantan di Kuala Besar (F1),Kota Bharu,Sungai Kelantan,Sg. Kelantan,2026-08-09 00:45:00+08:00,0.79,1.3,1.5,1.7,1.85,False,0.0,False,KEL,2026-08-08T17:19:45.491658+00:00
0740241WL,Sg. Golok di Kuala Jambu (F1),Tumpat,Sungai Golok,Sg. Golok,2026-08-09 00:45:00+08:00,1.1,0.7,2.0,2.5,3.0,False,0.17391304347826095,False,KEL,2026-08-08T17:19:45.491658+00:00
0720101WL,Sg. Melor di Jambatan Melor (F2),Bachok,Sungai Kemasin,Sg. Melor,2026-08-09 00:45:00+08:00,5.33,6.0,7.0,8.0,9.0,False,0.0,False,KEL,2026-08-08T17:19:45.491658+00:00
0710121WL,Sg. Buaya Ikat di Kg. Pulau Lima (F2),Pasir Puteh,Sungai Semerak,Sg. Buaya Ikat,2026-08-09 00:45:00+08:00,0.77,1.0,2.0,3.0,4.0,False,0.0,False,KEL,2026-08-08T17:19:45.491658+00:00
0710161WL,Sg. Semerak di Tok Bali (F2),Pasir Puteh,Sungai Semerak,Sg. Semerak,2026-08-09 00:45:00+08:00,1.36,0.0,2.5,3.0,4.0,False,0.34,False,KEL,2026-08-08T17:19:45.491658+00:00
0730891WL,Sg. Nenggiri di Belatop (F1),Gua Musang,Sungai Kelantan,Sg. Nenggiri,2026-08-08 23:30:00+08:00,611.9,605.5,676.0,678.0,680.0,False,0.08590604026845607,True,KEL,2026-08-08T18:20:55.115451+00:00
,Sg. Galas di Kg. Pulai (F1),Gua Musang,Sungai Kelantan,Sg. Galas,2026-08-09 00:45:00+08:00,102.8,107.8,108.1,108.9,109.7,False,0.0,False,KEL,2026-08-08T18:20:55.115451+00:00
0730851WL,Sg. Galas di Kg. Lembaga (F1),Gua Musang,Sungai Kelantan,Sg. Galas,2026-08-09 00:45:00+08:00,82.62,82.4,83.7,85.6,87.9,False,0.03999999999999979,False,KEL,2026-08-08T18:20:55.115451+00:00
,Sg. Aring di Jalan Felda Aring (F1),Gua Musang,Sungai Kelantan,Sg. Lebir,2026-08-08 14:30:00+08:00,-9999.0,62.0,68.0,70.0,72.0,False,0.0,False,KEL,2026-08-08T18:20:55.115451+00:00
0731531WL,Sg. Lebir di Kuala Koh (F1),Gua Musang,Sungai Kelantan,Sg. Lebir,2026-08-08 23:30:00+08:00,62.73,62.0,67.0,71.0,75.0,False,0.056153846153845915,False,KEL,2026-08-08T18:20:55.115451+00:00
0730931WL,Sg. Galas di Limau Kasturi (F1),Gua Musang,Sungai Kelantan,Sg. Galas,2026-08-09 00:45:00+08:00,54.11,53.0,56.0,60.0,61.0,False,0.13874999999999993,False,KEL,2026-08-08T18:20:55.115451+00:00
0730831WL,Sg. Nenggiri di Bertam (F1),Gua Musang,Sungai Kelantan,Sg. Nenggiri,2026-08-09 01:00:00+08:00,47.5,50.4,53.7,56.2,58.1,False,0.0,False,KEL,2026-08-08T18:20:55.115451+00:00
,Sg. Galas di Dabong (F1),Kuala Krai,Sungai Kelantan,Sg. Galas,2026-08-09 00:45:00+08:00,27.42,28.0,35.0,37.0,38.0,False,0.0,False,KEL,2026-08-08T18:20:55.115451+00:00
0730971WL,Sg. Lebir di Kg. Tualang (F1),Kuala Krai,Sungai Kelantan,Sg. Lebir,2026-08-09 00:45:00+08:00,24.01,23.0,30.0,34.0,35.0,False,0.08416666666666679,False,KEL,2026-08-08T18:20:55.115451+00:00
0730761WL,Sg. Lebir di Kg. Karangan (F1),Kuala Krai,Sungai Kelantan,Sg. Lebir,2026-08-09 00:45:00+08:00,21.45,19.0,27.0,33.0,34.0,False,0.16333333333333327,False,KEL,2026-08-08T18:20:55.115451+00:00
0730871WL,Sg. Lebir di Kg. Manik Urai (F1),Kuala Krai,Sungai Kelantan,Sg. Lebir,2026-08-09 01:00:00+08:00,19.96,19.1,30.0,32.0,33.0,False,0.06187050359712227,False,KEL,2026-08-08T18:20:55.115451+00:00
,Sg. Pahi di Kg. Pahi (F1),Kuala Krai,Sungai Kelantan,Sg. Lebir,2026-08-09 00:30:00+08:00,19.53,17.8,28.0,30.0,32.0,False,0.12183098591549299,False,KEL,2026-08-08T18:20:55.115451+00:00
,Sg. Kelantan di Kuala Krai (F1),Kuala Krai,Sungai Kelantan,Sg. Kelantan,2026-08-08 23:30:00+08:00,16.37,17.0,20.0,22.5,25.0,False,0.0,False,KEL,2026-08-08T18:20:55.115451+00:00
0730821WL,Sg. Nal di Kg. Sungai Nal (F1),Kuala Krai,Sungai Kelantan,Sg. Nal,2026-08-09 01:00:00+08:00,18.3,21.0,23.5,24.0,25.0,False,0.0,False,KEL,2026-08-08T18:20:55.115451+00:00
,Sg. Pergau di Kg. Lawar (F1),Jeli,Sungai Kelantan,Sg. Pergau,2026-08-09 00:45:00+08:00,99.62,95.0,101.0,102.0,103.0,False,0.5775000000000006,False,KEL,2026-08-08T18:20:55.115451+00:00
0731241WL,Sg. Pergau di Air Bol (F1),Jeli,Sungai Kelantan,Sg. Pergau,2026-08-07 16:30:00+08:00,-9999.0,70.0,71.3,73.0,74.7,False,0.0,False,KEL,2026-08-08T18:20:55.115451+00:00
,Sg. Lanas di Air Lanas (F1),Jeli,Sungai Golok,Sg. Lanas,2026-08-09 00:45:00+08:00,25.05,27.0,28.5,29.0,29.5,False,0.0,False,KEL,2026-08-08T18:20:55.115451+00:00
,Sg. Kelantan di Kusial Baru (F1),Tanah Merah,Sungai Kelantan,Sg. Kelantan,2026-08-09 01:00:00+08:00,7.19,7.0,12.0,14.0,16.0,False,0.021111111111111153,False,KEL,2026-08-08T18:20:55.115451+00:00
0731371WL,Sg. Kelantan di Kusial (F1),Tanah Merah,Sungai Kelantan,Sg. Kelantan,2026-08-08 23:30:00+08:00,7.28,7.0,12.0,14.0,16.0,False,0.031111111111111138,False,KEL,2026-08-08T18:20:55.115451+00:00
0740261WL,Sg. Golok di Kg. Jenob (F1),Tanah Merah,Sungai Golok,Sg. Golok,2026-08-09 00:45:00+08:00,18.38,19.0,21.5,22.5,23.5,False,0.0,False,KEL,2026-08-08T18:20:55.115451+00:00
0731361WL,Sg. Kelantan di Kg. Temangan (F1),Machang,Sungai Kelantan,Sg. Kelantan,2026-08-08 23:30:00+08:00,9.38,12.0,14.0,15.5,17.5,False,0.0,False,KEL,2026-08-08T18:20:55.115451+00:00
0730103WL,Sg. Kelantan di Air Mulih (F1),Pasir Mas,Sungai Kelantan,Sg. Kelantan,2026-08-09 00:45:00+08:00,1.28,4.0,9.0,9.82,10.65,False,0.0,False,KEL,2026-08-08T18:20:55.115451+00:00
,Empangan Bukit Kwong (F1),Pasir Mas,Sungai Golok,Sg. Golok,2026-08-09 00:45:00+08:00,17.69,16.76,17.22,17.37,17.72,True,0.9687500000000024,False,KEL,2026-08-08T18:20:55.115451+00:00
0740121WL,Sg. Golok di Rantau Panjang (F1),Pasir Mas,Sungai Golok,Sg. Golok,2026-08-09 00:45:00+08:00,4.98,5.0,7.0,8.0,9.0,False,0.0,False,KEL,2026-08-08T18:20:55.115451+00:00
0730581WL,Sg. Kelantan di Jambatan Tendong (F2),Pasir Mas,Sungai Kelantan,Sg. Kelantan,2026-08-09 00:45:00+08:00,1.12,3.0,4.0,5.0,6.0,False,0.0,False,KEL,2026-08-08T18:20:55.115451+00:00
,Sg. Kelantan di Kg. Salor (F1),Kota Bharu,Sungai Kelantan,Sg. Salor,2026-08-09 00:45:00+08:00,5.36,1.0,9.0,9.8,10.6,False,0.4541666666666667,False,KEL,2026-08-08T18:20:55.115451+00:00
0730671WL,Sg. Kelantan di Tambatan D'Raja (F1),Kota Bharu,Sungai Kelantan,Sg. Kelantan,2026-08-09 00:45:00+08:00,0.13,1.0,3.0,4.0,5.0,False,0.0,False,KEL,2026-08-08T18:20:55.115451+00:00
0731301WL,Sg. Kelantan di Kuala Besar (F1),Kota Bharu,Sungai Kelantan,Sg. Kelantan,2026-08-09 00:45:00+08:00,0.79,1.3,1.5,1.7,1.85,False,0.0,False,KEL,2026-08-08T18:20:55.115451+00:00
0740241WL,Sg. Golok di Kuala Jambu (F1),Tumpat,Sungai Golok,Sg. Golok,2026-08-09 00:45:00+08:00,1.1,0.7,2.0,2.5,3.0,False,0.17391304347826095,False,KEL,2026-08-08T18:20:55.115451+00:00
0720101WL,Sg. Melor di Jambatan Melor (F2),Bachok,Sungai Kemasin,Sg. Melor,2026-08-09 00:45:00+08:00,5.33,6.0,7.0,8.0,9.0,False,0.0,False,KEL,2026-08-08T18:20:55.115451+00:00
0710121WL,Sg. Buaya Ikat di Kg. Pulau Lima (F2),Pasir Puteh,Sungai Semerak,Sg. Buaya Ikat,2026-08-09 00:45:00+08:00,0.77,1.0,2.0,3.0,4.0,False,0.0,False,KEL,2026-08-08T18:20:55.115451+00:00
0710161WL,Sg. Semerak di Tok Bali (F2),Pasir Puteh,Sungai Semerak,Sg. Semerak,2026-08-09 00:45:00+08:00,1.36,0.0,2.5,3.0,4.0,False,0.34,False,KEL,2026-08-08T18:20:55.115451+00:00
0730891WL,Sg. Nenggiri di Belatop (F1),Gua Musang,Sungai Kelantan,Sg. Nenggiri,2026-08-08 23:30:00+08:00,611.9,605.5,676.0,678.0,680.0,False,0.08590604026845607,True,KEL,2026-08-08T19:20:33.667544+00:00
,Sg. Galas di Kg. Pulai (F1),Gua Musang,Sungai Kelantan,Sg. Galas,2026-08-09 01:00:00+08:00,102.8,107.8,108.1,108.9,109.7,False,0.0,False,KEL,2026-08-08T19:20:33.667544+00:00
0730851WL,Sg. Galas di Kg. Lembaga (F1),Gua Musang,Sungai Kelantan,Sg. Galas,2026-08-09 01:00:00+08:00,82.62,82.4,83.7,85.6,87.9,False,0.03999999999999979,False,KEL,2026-08-08T19:20:33.667544+00:00
,Sg. Aring di Jalan Felda Aring (F1),Gua Musang,Sungai Kelantan,Sg. Lebir,2026-08-08 14:30:00+08:00,-9999.0,62.0,68.0,70.0,72.0,False,0.0,False,KEL,2026-08-08T19:20:33.667544+00:00
0731531WL,Sg. Lebir di Kuala Koh (F1),Gua Musang,Sungai Kelantan,Sg. Lebir,2026-08-08 23:30:00+08:00,62.73,62.0,67.0,71.0,75.0,False,0.056153846153845915,False,KEL,2026-08-08T19:20:33.667544+00:00
0730931WL,Sg. Galas di Limau Kasturi (F1),Gua Musang,Sungai Kelantan,Sg. Galas,2026-08-09 01:00:00+08:00,54.08,53.0,56.0,60.0,61.0,False,0.1349999999999998,False,KEL,2026-08-08T19:20:33.667544+00:00
0730831WL,Sg. Nenggiri di Bertam (F1),Gua Musang,Sungai Kelantan,Sg. Nenggiri,2026-08-09 01:00:00+08:00,47.5,50.4,53.7,56.2,58.1,False,0.0,False,KEL,2026-08-08T19:20:33.667544+00:00
,Sg. Galas di Dabong (F1),Kuala Krai,Sungai Kelantan,Sg. Galas,2026-08-09 00:45:00+08:00,27.42,28.0,35.0,37.0,38.0,False,0.0,False,KEL,2026-08-08T19:20:33.667544+00:00
0730971WL,Sg. Lebir di Kg. Tualang (F1),Kuala Krai,Sungai Kelantan,Sg. Lebir,2026-08-09 01:00:00+08:00,24.01,23.0,30.0,34.0,35.0,False,0.08416666666666679,False,KEL,2026-08-08T19:20:33.667544+00:00
0730761WL,Sg. Lebir di Kg. Karangan (F1),Kuala Krai,Sungai Kelantan,Sg. Lebir,2026-08-09 01:00:00+08:00,21.45,19.0,27.0,33.0,34.0,False,0.16333333333333327,False,KEL,2026-08-08T19:20:33.667544+00:00
0730871WL,Sg. Lebir di Kg. Manik Urai (F1),Kuala Krai,Sungai Kelantan,Sg. Lebir,2026-08-09 01:00:00+08:00,19.96,19.1,30.0,32.0,33.0,False,0.06187050359712227,False,KEL,2026-08-08T19:20:33.667544+00:00
,Sg. Pahi di Kg. Pahi (F1),Kuala Krai,Sungai Kelantan,Sg. Lebir,2026-08-09 00:45:00+08:00,19.53,17.8,28.0,30.0,32.0,False,0.12183098591549299,False,KEL,2026-08-08T19:20:33.667544+00:00
,Sg. Kelantan di Kuala Krai (F1),Kuala Krai,Sungai Kelantan,Sg. Kelantan,2026-08-08 23:30:00+08:00,16.37,17.0,20.0,22.5,25.0,False,0.0,False,KEL,2026-08-08T19:20:33.667544+00:00
0730821WL,Sg. Nal di Kg. Sungai Nal (F1),Kuala Krai,Sungai Kelantan,Sg. Nal,2026-08-09 01:00:00+08:00,18.3,21.0,23.5,24.0,25.0,False,0.0,False,KEL,2026-08-08T19:20:33.667544+00:00
,Sg. Pergau di Kg. Lawar (F1),Jeli,Sungai Kelantan,Sg. Pergau,2026-08-09 01:00:00+08:00,99.55,95.0,101.0,102.0,103.0,False,0.5687499999999996,False,KEL,2026-08-08T19:20:33.667544+00:00
0731241WL,Sg. Pergau di Air Bol (F1),Jeli,Sungai Kelantan,Sg. Pergau,2026-08-07 16:30:00+08:00,-9999.0,70.0,71.3,73.0,74.7,False,0.0,False,KEL,2026-08-08T19:20:33.667544+00:00
,Sg. Lanas di Air Lanas (F1),Jeli,Sungai Golok,Sg. Lanas,2026-08-09 01:00:00+08:00,25.05,27.0,28.5,29.0,29.5,False,0.0,False,KEL,2026-08-08T19:20:33.667544+00:00
,Sg. Kelantan di Kusial Baru (F1),Tanah Merah,Sungai Kelantan,Sg. Kelantan,2026-08-09 01:00:00+08:00,7.19,7.0,12.0,14.0,16.0,False,0.021111111111111153,False,KEL,2026-08-08T19:20:33.667544+00:00
0731371WL,Sg. Kelantan di Kusial (F1),Tanah Merah,Sungai Kelantan,Sg. Kelantan,2026-08-08 23:30:00+08:00,7.28,7.0,12.0,14.0,16.0,False,0.031111111111111138,False,KEL,2026-08-08T19:20:33.667544+00:00
0740261WL,Sg. Golok di Kg. Jenob (F1),Tanah Merah,Sungai Golok,Sg. Golok,2026-08-09 01:00:00+08:00,18.4,19.0,21.5,22.5,23.5,False,0.0,False,KEL,2026-08-08T19:20:33.667544+00:00
0731361WL,Sg. Kelantan di Kg. Temangan (F1),Machang,Sungai Kelantan,Sg. Kelantan,2026-08-08 23:30:00+08:00,9.38,12.0,14.0,15.5,17.5,False,0.0,False,KEL,2026-08-08T19:20:33.667544+00:00
0730103WL,Sg. Kelantan di Air Mulih (F1),Pasir Mas,Sungai Kelantan,Sg. Kelantan,2026-08-09 01:00:00+08:00,1.28,4.0,9.0,9.82,10.65,False,0.0,False,KEL,2026-08-08T19:20:33.667544+00:00
,Empangan Bukit Kwong (F1),Pasir Mas,Sungai Golok,Sg. Golok,2026-08-09 01:00:00+08:00,17.69,16.76,17.22,17.37,17.72,True,0.9687500000000024,False,KEL,2026-08-08T19:20:33.667544+00:00
0740121WL,Sg. Golok di Rantau Panjang (F1),Pasir Mas,Sungai Golok,Sg. Golok,2026-08-09 01:00:00+08:00,4.98,5.0,7.0,8.0,9.0,False,0.0,False,KEL,2026-08-08T19:20:33.667544+00:00
0730581WL,Sg. Kelantan di Jambatan Tendong (F2),Pasir Mas,Sungai Kelantan,Sg. Kelantan,2026-08-09 01:00:00+08:00,1.14,3.0,4.0,5.0,6.0,False,0.0,False,KEL,2026-08-08T19:20:33.667544+00:00
,Sg. Kelantan di Kg. Salor (F1),Kota Bharu,Sungai Kelantan,Sg. Salor,2026-08-09 01:00:00+08:00,5.37,1.0,9.0,9.8,10.6,False,0.4552083333333334,False,KEL,2026-08-08T19:20:33.667544+00:00
0730671WL,Sg. Kelantan di Tambatan D'Raja (F1),Kota Bharu,Sungai Kelantan,Sg. Kelantan,2026-08-09 01:00:00+08:00,0.17,1.0,3.0,4.0,5.0,False,0.0,False,KEL,2026-08-08T19:20:33.667544+00:00
0731301WL,Sg. Kelantan di Kuala Besar (F1),Kota Bharu,Sungai Kelantan,Sg. Kelantan,2026-08-09 01:00:00+08:00,0.78,1.3,1.5,1.7,1.85,False,0.0,False,KEL,2026-08-08T19:20:33.667544+00:00
0740241WL,Sg. Golok di Kuala Jambu (F1),Tumpat,Sungai Golok,Sg. Golok,2026-08-09 01:00:00+08:00,1.1,0.7,2.0,2.5,3.0,False,0.17391304347826095,False,KEL,2026-08-08T19:20:33.667544+00:00
0720101WL,Sg. Melor di Jambatan Melor (F2),Bachok,Sungai Kemasin,Sg. Melor,2026-08-09 01:00:00+08:00,5.33,6.0,7.0,8.0,9.0,False,0.0,False,KEL,2026-08-08T19:20:33.667544+00:00
0710121WL,Sg. Buaya Ikat di Kg. Pulau Lima (F2),Pasir Puteh,Sungai Semerak,Sg. Buaya Ikat,2026-08-09 01:00:00+08:00,0.76,1.0,2.0,3.0,4.0,False,0.0,False,KEL,2026-08-08T19:20:33.667544+00:00
0710161WL,Sg. Semerak di Tok Bali (F2),Pasir Puteh,Sungai Semerak,Sg. Semerak,2026-08-09 01:00:00+08:00,1.35,0.0,2.5,3.0,4.0,False,0.3375,False,KEL,2026-08-08T19:20:33.667544+00:00
0730891WL,Sg. Nenggiri di Belatop (F1),Gua Musang,Sungai Kelantan,Sg. Nenggiri,2026-08-08 23:30:00+08:00,611.9,605.5,676.0,678.0,680.0,False,0.08590604026845607,True,KEL,2026-08-08T20:15:55.696017+00:00
,Sg. Galas di Kg. Pulai (F1),Gua Musang,Sungai Kelantan,Sg. Galas,2026-08-09 03:30:00+08:00,102.8,107.8,108.1,108.9,109.7,False,0.0,False,KEL,2026-08-08T20:15:55.696017+00:00
0730851WL,Sg. Galas di Kg. Lembaga (F1),Gua Musang,Sungai Kelantan,Sg. Galas,2026-08-09 03:30:00+08:00,82.62,82.4,83.7,85.6,87.9,False,0.03999999999999979,False,KEL,2026-08-08T20:15:55.696017+00:00
,Sg. Aring di Jalan Felda Aring (F1),Gua Musang,Sungai Kelantan,Sg. Lebir,2026-08-08 06:30:00+08:00,61.49,62.0,68.0,70.0,72.0,False,0.0,False,KEL,2026-08-08T20:15:55.696017+00:00
0731531WL,Sg. Lebir di Kuala Koh (F1),Gua Musang,Sungai Kelantan,Sg. Lebir,2026-08-08 23:30:00+08:00,62.73,62.0,67.0,71.0,75.0,False,0.056153846153845915,False,KEL,2026-08-08T20:15:55.696017+00:00
0730931WL,Sg. Galas di Limau Kasturi (F1),Gua Musang,Sungai Kelantan,Sg. Galas,2026-08-09 03:30:00+08:00,54.12,53.0,56.0,60.0,61.0,False,0.13999999999999968,False,KEL,2026-08-08T20:15:55.696017+00:00
0730831WL,Sg. Nenggiri di Bertam (F1),Gua Musang,Sungai Kelantan,Sg. Nenggiri,2026-08-09 03:30:00+08:00,47.5,50.4,53.7,56.2,58.1,False,0.0,False,KEL,2026-08-08T20:15:55.696017+00:00
,Sg. Galas di Dabong (F1),Kuala Krai,Sungai Kelantan,Sg. Galas,2026-08-09 03:00:00+08:00,27.38,28.0,35.0,37.0,38.0,False,0.0,False,KEL,2026-08-08T20:15:55.696017+00:00
0730971WL,Sg. Lebir di Kg. Tualang (F1),Kuala Krai,Sungai Kelantan,Sg. Lebir,2026-08-09 03:30:00+08:00,24.01,23.0,30.0,34.0,35.0,False,0.08416666666666679,False,KEL,2026-08-08T20:15:55.696017+00:00
0730761WL,Sg. Lebir di Kg. Karangan (F1),Kuala Krai,Sungai Kelantan,Sg. Lebir,2026-08-09 03:30:00+08:00,21.45,19.0,27.0,33.0,34.0,False,0.16333333333333327,False,KEL,2026-08-08T20:15:55.696017+00:00
0730871WL,Sg. Lebir di Kg. Manik Urai (F1),Kuala Krai,Sungai Kelantan,Sg. Lebir,2026-08-09 03:30:00+08:00,19.96,19.1,30.0,32.0,33.0,False,0.06187050359712227,False,KEL,2026-08-08T20:15:55.696017+00:00
,Sg. Pahi di Kg. Pahi (F1),Kuala Krai,Sungai Kelantan,Sg. Lebir,2026-08-09 01:00:00+08:00,19.53,17.8,28.0,30.0,32.0,False,0.12183098591549299,False,KEL,2026-08-08T20:15:55.696017+00:00
,Sg. Kelantan di Kuala Krai (F1),Kuala Krai,Sungai Kelantan,Sg. Kelantan,2026-08-08 23:30:00+08:00,16.37,17.0,20.0,22.5,25.0,False,0.0,False,KEL,2026-08-08T20:15:55.696017+00:00
0730821WL,Sg. Nal di Kg. Sungai Nal (F1),Kuala Krai,Sungai Kelantan,Sg. Nal,2026-08-09 03:30:00+08:00,18.3,21.0,23.5,24.0,25.0,False,0.0,False,KEL,2026-08-08T20:15:55.696017+00:00
,Sg. Pergau di Kg. Lawar (F1),Jeli,Sungai Kelantan,Sg. Pergau,2026-08-09 03:30:00+08:00,99.52,95.0,101.0,102.0,103.0,False,0.5649999999999995,False,KEL,2026-08-08T20:15:55.696017+00:00
0731241WL,Sg. Pergau di Air Bol (F1),Jeli,Sungai Kelantan,Sg. Pergau,2026-08-07 16:30:00+08:00,-9999.0,70.0,71.3,73.0,74.7,False,0.0,False,KEL,2026-08-08T20:15:55.696017+00:00
,Sg. Lanas di Air Lanas (F1),Jeli,Sungai Golok,Sg. Lanas,2026-08-09 03:30:00+08:00,25.05,27.0,28.5,29.0,29.5,False,0.0,False,KEL,2026-08-08T20:15:55.696017+00:00
,Sg. Kelantan di Kusial Baru (F1),Tanah Merah,Sungai Kelantan,Sg. Kelantan,2026-08-09 03:30:00+08:00,7.16,7.0,12.0,14.0,16.0,False,0.017777777777777795,False,KEL,2026-08-08T20:15:55.696017+00:00
0731371WL,Sg. Kelantan di Kusial (F1),Tanah Merah,Sungai Kelantan,Sg. Kelantan,2026-08-08 23:30:00+08:00,7.28,7.0,12.0,14.0,16.0,False,0.031111111111111138,False,KEL,2026-08-08T20:15:55.696017+00:00
0740261WL,Sg. Golok di Kg. Jenob (F1),Tanah Merah,Sungai Golok,Sg. Golok,2026-08-09 03:30:00+08:00,18.4,19.0,21.5,22.5,23.5,False,0.0,False,KEL,2026-08-08T20:15:55.696017+00:00
0731361WL,Sg. Kelantan di Kg. Temangan (F1),Machang,Sungai Kelantan,Sg. Kelantan,2026-08-08 23:30:00+08:00,9.38,12.0,14.0,15.5,17.5,False,0.0,False,KEL,2026-08-08T20:15:55.696017+00:00
0730103WL,Sg. Kelantan di Air Mulih (F1),Pasir Mas,Sungai Kelantan,Sg. Kelantan,2026-08-09 03:30:00+08:00,1.39,4.0,9.0,9.82,10.65,False,0.0,False,KEL,2026-08-08T20:15:55.696017+00:00
,Empangan Bukit Kwong (F1),Pasir Mas,Sungai Golok,Sg. Golok,2026-08-09 03:30:00+08:00,17.69,16.76,17.22,17.37,17.72,True,0.9687500000000024,False,KEL,2026-08-08T20:15:55.696017+00:00
0740121WL,Sg. Golok di Rantau Panjang (F1),Pasir Mas,Sungai Golok,Sg. Golok,2026-08-09 03:30:00+08:00,4.95,5.0,7.0,8.0,9.0,False,0.0,False,KEL,2026-08-08T20:15:55.696017+00:00
0730581WL,Sg. Kelantan di Jambatan Tendong (F2),Pasir Mas,Sungai Kelantan,Sg. Kelantan,2026-08-09 03:30:00+08:00,1.45,3.0,4.0,5.0,6.0,False,0.0,False,KEL,2026-08-08T20:15:55.696017+00:00
,Sg. Kelantan di Kg. Salor (F1),Kota Bharu,Sungai Kelantan,Sg. Salor,2026-08-09 03:30:00+08:00,5.35,1.0,9.0,9.8,10.6,False,0.453125,False,KEL,2026-08-08T20:15:55.696017+00:00
0730671WL,Sg. Kelantan di Tambatan D'Raja (F1),Kota Bharu,Sungai Kelantan,Sg. Kelantan,2026-08-09 03:30:00+08:00,0.53,1.0,3.0,4.0,5.0,False,0.0,False,KEL,2026-08-08T20:15:55.696017+00:00
0731301WL,Sg. Kelantan di Kuala Besar (F1),Kota Bharu,Sungai Kelantan,Sg. Kelantan,2026-08-09 03:30:00+08:00,0.8,1.3,1.5,1.7,1.85,False,0.0,False,KEL,2026-08-08T20:15:55.696017+00:00
0740241WL,Sg. Golok di Kuala Jambu (F1),Tumpat,Sungai Golok,Sg. Golok,2026-08-09 03:30:00+08:00,1.1,0.7,2.0,2.5,3.0,False,0.17391304347826095,False,KEL,2026-08-08T20:15:55.696017+00:00
0720101WL,Sg. Melor di Jambatan Melor (F2),Bachok,Sungai Kemasin,Sg. Melor,2026-08-09 03:30:00+08:00,5.33,6.0,7.0,8.0,9.0,False,0.0,False,KEL,2026-08-08T20:15:55.696017+00:00
0710121WL,Sg. Buaya Ikat di Kg. Pulau Lima (F2),Pasir Puteh,Sungai Semerak,Sg. Buaya Ikat,2026-08-09 03:30:00+08:00,0.76,1.0,2.0,3.0,4.0,False,0.0,False,KEL,2026-08-08T20:15:55.696017+00:00
0710161WL,Sg. Semerak di Tok Bali (F2),Pasir Puteh,Sungai Semerak,Sg. Semerak,2026-08-09 03:30:00+08:00,1.37,0.0,2.5,3.0,4.0,False,0.3425,False,KEL,2026-08-08T20:15:55.696017+00:00
0730891WL,Sg. Nenggiri di Belatop (F1),Gua Musang,Sungai Kelantan,Sg. Nenggiri,2026-08-08 23:30:00+08:00,611.9,605.5,676.0,678.0,680.0,False,0.08590604026845607,True,KEL,2026-08-08T21:18:33.462119+00:00
,Sg. Galas di Kg. Pulai (F1),Gua Musang,Sungai Kelantan,Sg. Galas,2026-08-09 05:00:00+08:00,102.8,107.8,108.1,108.9,109.7,False,0.0,False,KEL,2026-08-08T21:18:33.462119+00:00
0730851WL,Sg. Galas di Kg. Lembaga (F1),Gua Musang,Sungai Kelantan,Sg. Galas,2026-08-09 05:00:00+08:00,82.62,82.4,83.7,85.6,87.9,False,0.03999999999999979,False,KEL,2026-08-08T21:18:33.462119+00:00
,Sg. Aring di Jalan Felda Aring (F1),Gua Musang,Sungai Kelantan,Sg. Lebir,2026-08-08 06:30:00+08:00,61.49,62.0,68.0,70.0,72.0,False,0.0,False,KEL,2026-08-08T21:18:33.462119+00:00
0731531WL,Sg. Lebir di Kuala Koh (F1),Gua Musang,Sungai Kelantan,Sg. Lebir,2026-08-08 23:30:00+08:00,62.73,62.0,67.0,71.0,75.0,False,0.056153846153845915,False,KEL,2026-08-08T21:18:33.462119+00:00
0730931WL,Sg. Galas di Limau Kasturi (F1),Gua Musang,Sungai Kelantan,Sg. Galas,2026-08-09 05:00:00+08:00,54.14,53.0,56.0,60.0,61.0,False,0.14250000000000007,False,KEL,2026-08-08T21:18:33.462119+00:00
0730831WL,Sg. Nenggiri di Bertam (F1),Gua Musang,Sungai Kelantan,Sg. Nenggiri,2026-08-09 05:00:00+08:00,47.5,50.4,53.7,56.2,58.1,False,0.0,False,KEL,2026-08-08T21:18:33.462119+00:00
,Sg. Galas di Dabong (F1),Kuala Krai,Sungai Kelantan,Sg. Galas,2026-08-09 04:45:00+08:00,27.35,28.0,35.0,37.0,38.0,False,0.0,False,KEL,2026-08-08T21:18:33.462119+00:00
0730971WL,Sg. Lebir di Kg. Tualang (F1),Kuala Krai,Sungai Kelantan,Sg. Lebir,2026-08-09 05:00:00+08:00,24.01,23.0,30.0,34.0,35.0,False,0.08416666666666679,False,KEL,2026-08-08T21:18:33.462119+00:00
0730761WL,Sg. Lebir di Kg. Karangan (F1),Kuala Krai,Sungai Kelantan,Sg. Lebir,2026-08-09 05:00:00+08:00,21.45,19.0,27.0,33.0,34.0,False,0.16333333333333327,False,KEL,2026-08-08T21:18:33.462119+00:00
0730871WL,Sg. Lebir di Kg. Manik Urai (F1),Kuala Krai,Sungai Kelantan,Sg. Lebir,2026-08-09 05:00:00+08:00,19.96,19.1,30.0,32.0,33.0,False,0.06187050359712227,False,KEL,2026-08-08T21:18:33.462119+00:00
,Sg. Pahi di Kg. Pahi (F1),Kuala Krai,Sungai Kelantan,Sg. Lebir,2026-08-09 01:00:00+08:00,19.53,17.8,28.0,30.0,32.0,False,0.12183098591549299,False,KEL,2026-08-08T21:18:33.462119+00:00
,Sg. Kelantan di Kuala Krai (F1),Kuala Krai,Sungai Kelantan,Sg. Kelantan,2026-08-08 23:30:00+08:00,16.37,17.0,20.0,22.5,25.0,False,0.0,False,KEL,2026-08-08T21:18:33.462119+00:00
0730821WL,Sg. Nal di Kg. Sungai Nal (F1),Kuala Krai,Sungai Kelantan,Sg. Nal,2026-08-09 05:00:00+08:00,18.3,21.0,23.5,24.0,25.0,False,0.0,False,KEL,2026-08-08T21:18:33.462119+00:00
,Sg. Pergau di Kg. Lawar (F1),Jeli,Sungai Kelantan,Sg. Pergau,2026-08-09 05:00:00+08:00,99.49,95.0,101.0,102.0,103.0,False,0.5612499999999994,False,KEL,2026-08-08T21:18:33.462119+00:00
0731241WL,Sg. Pergau di Air Bol (F1),Jeli,Sungai Kelantan,Sg. Pergau,2026-08-07 16:30:00+08:00,-9999.0,70.0,71.3,73.0,74.7,False,0.0,False,KEL,2026-08-08T21:18:33.462119+00:00
,Sg. Lanas di Air Lanas (F1),Jeli,Sungai Golok,Sg. Lanas,2026-08-09 05:00:00+08:00,25.05,27.0,28.5,29.0,29.5,False,0.0,False,KEL,2026-08-08T21:18:33.462119+00:00
,Sg. Kelantan di Kusial Baru (F1),Tanah Merah,Sungai Kelantan,Sg. Kelantan,2026-08-09 05:00:00+08:00,7.19,7.0,12.0,14.0,16.0,False,0.021111111111111153,False,KEL,2026-08-08T21:18:33.462119+00:00
0731371WL,Sg. Kelantan di Kusial (F1),Tanah Merah,Sungai Kelantan,Sg. Kelantan,2026-08-08 23:30:00+08:00,7.28,7.0,12.0,14.0,16.0,False,0.031111111111111138,False,KEL,2026-08-08T21:18:33.462119+00:00
0740261WL,Sg. Golok di Kg. Jenob (F1),Tanah Merah,Sungai Golok,Sg. Golok,2026-08-09 05:00:00+08:00,18.39,19.0,21.5,22.5,23.5,False,0.0,False,KEL,2026-08-08T21:18:33.462119+00:00
0731361WL,Sg. Kelantan di Kg. Temangan (F1),Machang,Sungai Kelantan,Sg. Kelantan,2026-08-09 04:30:00+08:00,9.36,12.0,14.0,15.5,17.5,False,0.0,False,KEL,2026-08-08T21:18:33.462119+00:00
0730103WL,Sg. Kelantan di Air Mulih (F1),Pasir Mas,Sungai Kelantan,Sg. Kelantan,2026-08-09 05:00:00+08:00,1.89,4.0,9.0,9.82,10.65,False,0.0,False,KEL,2026-08-08T21:18:33.462119+00:00
,Empangan Bukit Kwong (F1),Pasir Mas,Sungai Golok,Sg. Golok,2026-08-09 05:00:00+08:00,17.69,16.76,17.22,17.37,17.72,True,0.9687500000000024,False,KEL,2026-08-08T21:18:33.462119+00:00
0740121WL,Sg. Golok di Rantau Panjang (F1),Pasir Mas,Sungai Golok,Sg. Golok,2026-08-09 05:00:00+08:00,4.93,5.0,7.0,8.0,9.0,False,0.0,False,KEL,2026-08-08T21:18:33.462119+00:00
0730581WL,Sg. Kelantan di Jambatan Tendong (F2),Pasir Mas,Sungai Kelantan,Sg. Kelantan,2026-08-09 05:00:00+08:00,1.77,3.0,4.0,5.0,6.0,False,0.0,False,KEL,2026-08-08T21:18:33.462119+00:00
,Sg. Kelantan di Kg. Salor (F1),Kota Bharu,Sungai Kelantan,Sg. Salor,2026-08-09 05:00:00+08:00,5.37,1.0,9.0,9.8,10.6,False,0.4552083333333334,False,KEL,2026-08-08T21:18:33.462119+00:00
0730671WL,Sg. Kelantan di Tambatan D'Raja (F1),Kota Bharu,Sungai Kelantan,Sg. Kelantan,2026-08-09 05:00:00+08:00,0.78,1.0,3.0,4.0,5.0,False,0.0,False,KEL,2026-08-08T21:18:33.462119+00:00
0731301WL,Sg. Kelantan di Kuala Besar (F1),Kota Bharu,Sungai Kelantan,Sg. Kelantan,2026-08-09 05:00:00+08:00,0.78,1.3,1.5,1.7,1.85,False,0.0,False,KEL,2026-08-08T21:18:33.462119+00:00
0740241WL,Sg. Golok di Kuala Jambu (F1),Tumpat,Sungai Golok,Sg. Golok,2026-08-09 05:00:00+08:00,1.11,0.7,2.0,2.5,3.0,False,0.17826086956521747,False,KEL,2026-08-08T21:18:33.462119+00:00
0720101WL,Sg. Melor di Jambatan Melor (F2),Bachok,Sungai Kemasin,Sg. Melor,2026-08-09 05:00:00+08:00,5.32,6.0,7.0,8.0,9.0,False,0.0,False,KEL,2026-08-08T21:18:33.462119+00:00
0710121WL,Sg. Buaya Ikat di Kg. Pulau Lima (F2),Pasir Puteh,Sungai Semerak,Sg. Buaya Ikat,2026-08-09 05:00:00+08:00,0.76,1.0,2.0,3.0,4.0,False,0.0,False,KEL,2026-08-08T21:18:33.462119+00:00
0710161WL,Sg. Semerak di Tok Bali (F2),Pasir Puteh,Sungai Semerak,Sg. Semerak,2026-08-09 05:00:00+08:00,1.49,0.0,2.5,3.0,4.0,False,0.3725,False,KEL,2026-08-08T21:18:33.462119+00:00
0730891WL,Sg. Nenggiri di Belatop (F1),Gua Musang,Sungai Kelantan,Sg. Nenggiri,2026-08-08 23:30:00+08:00,611.9,605.5,676.0,678.0,680.0,False,0.08590604026845607,True,KEL,2026-08-08T22:16:12.159366+00:00
,Sg. Galas di Kg. Pulai (F1),Gua Musang,Sungai Kelantan,Sg. Galas,2026-08-09 06:00:00+08:00,102.8,107.8,108.1,108.9,109.7,False,0.0,False,KEL,2026-08-08T22:16:12.159366+00:00
0730851WL,Sg. Galas di Kg. Lembaga (F1),Gua Musang,Sungai Kelantan,Sg. Galas,2026-08-09 06:00:00+08:00,82.62,82.4,83.7,85.6,87.9,False,0.03999999999999979,False,KEL,2026-08-08T22:16:12.159366+00:00
,Sg. Aring di Jalan Felda Aring (F1),Gua Musang,Sungai Kelantan,Sg. Lebir,2026-08-08 06:30:00+08:00,61.49,62.0,68.0,70.0,72.0,False,0.0,False,KEL,2026-08-08T22:16:12.159366+00:00
0731531WL,Sg. Lebir di Kuala Koh (F1),Gua Musang,Sungai Kelantan,Sg. Lebir,2026-08-08 23:30:00+08:00,62.73,62.0,67.0,71.0,75.0,False,0.056153846153845915,False,KEL,2026-08-08T22:16:12.159366+00:00
0730931WL,Sg. Galas di Limau Kasturi (F1),Gua Musang,Sungai Kelantan,Sg. Galas,2026-08-09 05:00:00+08:00,54.14,53.0,56.0,60.0,61.0,False,0.14250000000000007,False,KEL,2026-08-08T22:16:12.159366+00:00
0730831WL,Sg. Nenggiri di Bertam (F1),Gua Musang,Sungai Kelantan,Sg. Nenggiri,2026-08-09 06:00:00+08:00,47.5,50.4,53.7,56.2,58.1,False,0.0,False,KEL,2026-08-08T22:16:12.159366+00:00
,Sg. Galas di Dabong (F1),Kuala Krai,Sungai Kelantan,Sg. Galas,2026-08-09 05:45:00+08:00,27.34,28.0,35.0,37.0,38.0,False,0.0,False,KEL,2026-08-08T22:16:12.159366+00:00
0730971WL,Sg. Lebir di Kg. Tualang (F1),Kuala Krai,Sungai Kelantan,Sg. Lebir,2026-08-09 06:00:00+08:00,24.01,23.0,30.0,34.0,35.0,False,0.08416666666666679,False,KEL,2026-08-08T22:16:12.159366+00:00
0730761WL,Sg. Lebir di Kg. Karangan (F1),Kuala Krai,Sungai Kelantan,Sg. Lebir,2026-08-09 05:45:00+08:00,21.46,19.0,27.0,33.0,34.0,False,0.16400000000000006,False,KEL,2026-08-08T22:16:12.159366+00:00
0730871WL,Sg. Lebir di Kg. Manik Urai (F1),Kuala Krai,Sungai Kelantan,Sg. Lebir,2026-08-09 06:00:00+08:00,19.96,19.1,30.0,32.0,33.0,False,0.06187050359712227,False,KEL,2026-08-08T22:16:12.159366+00:00
,Sg. Pahi di Kg. Pahi (F1),Kuala Krai,Sungai Kelantan,Sg. Lebir,2026-08-09 01:00:00+08:00,19.53,17.8,28.0,30.0,32.0,False,0.12183098591549299,False,KEL,2026-08-08T22:16:12.159366+00:00
,Sg. Kelantan di Kuala Krai (F1),Kuala Krai,Sungai Kelantan,Sg. Kelantan,2026-08-08 23:30:00+08:00,16.37,17.0,20.0,22.5,25.0,False,0.0,False,KEL,2026-08-08T22:16:12.159366+00:00
0730821WL,Sg. Nal di Kg. Sungai Nal (F1),Kuala Krai,Sungai Kelantan,Sg. Nal,2026-08-09 06:00:00+08:00,18.3,21.0,23.5,24.0,25.0,False,0.0,False,KEL,2026-08-08T22:16:12.159366+00:00
,Sg. Pergau di Kg. Lawar (F1),Jeli,Sungai Kelantan,Sg. Pergau,2026-08-09 06:00:00+08:00,99.49,95.0,101.0,102.0,103.0,False,0.5612499999999994,False,KEL,2026-08-08T22:16:12.159366+00:00
0731241WL,Sg. Pergau di Air Bol (F1),Jeli,Sungai Kelantan,Sg. Pergau,2026-08-07 16:30:00+08:00,-9999.0,70.0,71.3,73.0,74.7,False,0.0,False,KEL,2026-08-08T22:16:12.159366+00:00
,Sg. Lanas di Air Lanas (F1),Jeli,Sungai Golok,Sg. Lanas,2026-08-09 06:00:00+08:00,25.05,27.0,28.5,29.0,29.5,False,0.0,False,KEL,2026-08-08T22:16:12.159366+00:00
,Sg. Kelantan di Kusial Baru (F1),Tanah Merah,Sungai Kelantan,Sg. Kelantan,2026-08-09 06:00:00+08:00,7.16,7.0,12.0,14.0,16.0,False,0.017777777777777795,False,KEL,2026-08-08T22:16:12.159366+00:00
0731371WL,Sg. Kelantan di Kusial (F1),Tanah Merah,Sungai Kelantan,Sg. Kelantan,2026-08-08 23:30:00+08:00,7.28,7.0,12.0,14.0,16.0,False,0.031111111111111138,False,KEL,2026-08-08T22:16:12.159366+00:00
0740261WL,Sg. Golok di Kg. Jenob (F1),Tanah Merah,Sungai Golok,Sg. Golok,2026-08-09 06:00:00+08:00,18.37,19.0,21.5,22.5,23.5,False,0.0,False,KEL,2026-08-08T22:16:12.159366+00:00
0731361WL,Sg. Kelantan di Kg. Temangan (F1),Machang,Sungai Kelantan,Sg. Kelantan,2026-08-09 04:30:00+08:00,9.36,12.0,14.0,15.5,17.5,False,0.0,False,KEL,2026-08-08T22:16:12.159366+00:00
0730103WL,Sg. Kelantan di Air Mulih (F1),Pasir Mas,Sungai Kelantan,Sg. Kelantan,2026-08-09 06:00:00+08:00,2.14,4.0,9.0,9.82,10.65,False,0.0,False,KEL,2026-08-08T22:16:12.159366+00:00
,Empangan Bukit Kwong (F1),Pasir Mas,Sungai Golok,Sg. Golok,2026-08-09 06:00:00+08:00,17.68,16.76,17.22,17.37,17.72,True,0.9583333333333341,False,KEL,2026-08-08T22:16:12.159366+00:00
0740121WL,Sg. Golok di Rantau Panjang (F1),Pasir Mas,Sungai Golok,Sg. Golok,2026-08-09 06:00:00+08:00,4.92,5.0,7.0,8.0,9.0,False,0.0,False,KEL,2026-08-08T22:16:12.159366+00:00
0730581WL,Sg. Kelantan di Jambatan Tendong (F2),Pasir Mas,Sungai Kelantan,Sg. Kelantan,2026-08-09 06:00:00+08:00,1.88,3.0,4.0,5.0,6.0,False,0.0,False,KEL,2026-08-08T22:16:12.159366+00:00
,Sg. Kelantan di Kg. Salor (F1),Kota Bharu,Sungai Kelantan,Sg. Salor,2026-08-09 06:00:00+08:00,5.36,1.0,9.0,9.8,10.6,False,0.4541666666666667,False,KEL,2026-08-08T22:16:12.159366+00:00
0730671WL,Sg. Kelantan di Tambatan D'Raja (F1),Kota Bharu,Sungai Kelantan,Sg. Kelantan,2026-08-09 06:00:00+08:00,0.9,1.0,3.0,4.0,5.0,False,0.0,False,KEL,2026-08-08T22:16:12.159366+00:00
0731301WL,Sg. Kelantan di Kuala Besar (F1),Kota Bharu,Sungai Kelantan,Sg. Kelantan,2026-08-09 06:00:00+08:00,0.78,1.3,1.5,1.7,1.85,False,0.0,False,KEL,2026-08-08T22:16:12.159366+00:00
0740241WL,Sg. Golok di Kuala Jambu (F1),Tumpat,Sungai Golok,Sg. Golok,2026-08-09 06:00:00+08:00,1.11,0.7,2.0,2.5,3.0,False,0.17826086956521747,False,KEL,2026-08-08T22:16:12.159366+00:00
0720101WL,Sg. Melor di Jambatan Melor (F2),Bachok,Sungai Kemasin,Sg. Melor,2026-08-09 06:00:00+08:00,5.32,6.0,7.0,8.0,9.0,False,0.0,False,KEL,2026-08-08T22:16:12.159366+00:00
0710121WL,Sg. Buaya Ikat di Kg. Pulau Lima (F2),Pasir Puteh,Sungai Semerak,Sg. Buaya Ikat,2026-08-09 06:00:00+08:00,0.77,1.0,2.0,3.0,4.0,False,0.0,False,KEL,2026-08-08T22:16:12.159366+00:00
0710161WL,Sg. Semerak di Tok Bali (F2),Pasir Puteh,Sungai Semerak,Sg. Semerak,2026-08-09 06:00:00+08:00,1.52,0.0,2.5,3.0,4.0,False,0.38,False,KEL,2026-08-08T22:16:12.159366+00:00
0730891WL,Sg. Nenggiri di Belatop (F1),Gua Musang,Sungai Kelantan,Sg. Nenggiri,2026-08-08 23:30:00+08:00,611.9,605.5,676.0,678.0,680.0,False,0.08590604026845607,True,KEL,2026-08-08T23:17:23.563263+00:00
,Sg. Galas di Kg. Pulai (F1),Gua Musang,Sungai Kelantan,Sg. Galas,2026-08-09 06:45:00+08:00,102.8,107.8,108.1,108.9,109.7,False,0.0,False,KEL,2026-08-08T23:17:23.563263+00:00
0730851WL,Sg. Galas di Kg. Lembaga (F1),Gua Musang,Sungai Kelantan,Sg. Galas,2026-08-09 06:45:00+08:00,82.62,82.4,83.7,85.6,87.9,False,0.03999999999999979,False,KEL,2026-08-08T23:17:23.563263+00:00
0731531WL,Sg. Lebir di Kuala Koh (F1),Gua Musang,Sungai Kelantan,Sg. Lebir,2026-08-08 23:30:00+08:00,62.73,62.0,67.0,71.0,75.0,False,0.056153846153845915,False,KEL,2026-08-08T23:17:23.563263+00:00
0730931WL,Sg. Galas di Limau Kasturi (F1),Gua Musang,Sungai Kelantan,Sg. Galas,2026-08-09 05:00:00+08:00,54.14,53.0,56.0,60.0,61.0,False,0.14250000000000007,False,KEL,2026-08-08T23:17:23.563263+00:00
0730831WL,Sg. Nenggiri di Bertam (F1),Gua Musang,Sungai Kelantan,Sg. Nenggiri,2026-08-09 06:45:00+08:00,47.5,50.4,53.7,56.2,58.1,False,0.0,False,KEL,2026-08-08T23:17:23.563263+00:00
,Sg. Galas di Dabong (F1),Kuala Krai,Sungai Kelantan,Sg. Galas,2026-08-09 06:45:00+08:00,27.33,28.0,35.0,37.0,38.0,False,0.0,False,KEL,2026-08-08T23:17:23.563263+00:00
0730971WL,Sg. Lebir di Kg. Tualang (F1),Kuala Krai,Sungai Kelantan,Sg. Lebir,2026-08-09 06:45:00+08:00,24.01,23.0,30.0,34.0,35.0,False,0.08416666666666679,False,KEL,2026-08-08T23:17:23.563263+00:00
0730761WL,Sg. Lebir di Kg. Karangan (F1),Kuala Krai,Sungai Kelantan,Sg. Lebir,2026-08-09 06:45:00+08:00,21.45,19.0,27.0,33.0,34.0,False,0.16333333333333327,False,KEL,2026-08-08T23:17:23.563263+00:00
0730871WL,Sg. Lebir di Kg. Manik Urai (F1),Kuala Krai,Sungai Kelantan,Sg. Lebir,2026-08-09 06:45:00+08:00,19.96,19.1,30.0,32.0,33.0,False,0.06187050359712227,False,KEL,2026-08-08T23:17:23.563263+00:00
,Sg. Pahi di Kg. Pahi (F1),Kuala Krai,Sungai Kelantan,Sg. Lebir,2026-08-09 01:00:00+08:00,19.53,17.8,28.0,30.0,32.0,False,0.12183098591549299,False,KEL,2026-08-08T23:17:23.563263+00:00
,Sg. Kelantan di Kuala Krai (F1),Kuala Krai,Sungai Kelantan,Sg. Kelantan,2026-08-08 23:30:00+08:00,16.37,17.0,20.0,22.5,25.0,False,0.0,False,KEL,2026-08-08T23:17:23.563263+00:00
0730821WL,Sg. Nal di Kg. Sungai Nal (F1),Kuala Krai,Sungai Kelantan,Sg. Nal,2026-08-09 06:45:00+08:00,18.3,21.0,23.5,24.0,25.0,False,0.0,False,KEL,2026-08-08T23:17:23.563263+00:00
,Sg. Pergau di Kg. Lawar (F1),Jeli,Sungai Kelantan,Sg. Pergau,2026-08-09 06:45:00+08:00,99.53,95.0,101.0,102.0,103.0,False,0.5662500000000001,False,KEL,2026-08-08T23:17:23.563263+00:00
0731241WL,Sg. Pergau di Air Bol (F1),Jeli,Sungai Kelantan,Sg. Pergau,2026-08-07 16:30:00+08:00,-9999.0,70.0,71.3,73.0,74.7,False,0.0,False,KEL,2026-08-08T23:17:23.563263+00:00
,Sg. Lanas di Air Lanas (F1),Jeli,Sungai Golok,Sg. Lanas,2026-08-09 06:45:00+08:00,25.05,27.0,28.5,29.0,29.5,False,0.0,False,KEL,2026-08-08T23:17:23.563263+00:00
,Sg. Kelantan di Kusial Baru (F1),Tanah Merah,Sungai Kelantan,Sg. Kelantan,2026-08-09 06:45:00+08:00,7.16,7.0,12.0,14.0,16.0,False,0.017777777777777795,False,KEL,2026-08-08T23:17:23.563263+00:00
0731371WL,Sg. Kelantan di Kusial (F1),Tanah Merah,Sungai Kelantan,Sg. Kelantan,2026-08-08 23:30:00+08:00,7.28,7.0,12.0,14.0,16.0,False,0.031111111111111138,False,KEL,2026-08-08T23:17:23.563263+00:00
0740261WL,Sg. Golok di Kg. Jenob (F1),Tanah Merah,Sungai Golok,Sg. Golok,2026-08-09 06:45:00+08:00,18.39,19.0,21.5,22.5,23.5,False,0.0,False,KEL,2026-08-08T23:17:23.563263+00:00
0731361WL,Sg. Kelantan di Kg. Temangan (F1),Machang,Sungai Kelantan,Sg. Kelantan,2026-08-09 04:30:00+08:00,9.36,12.0,14.0,15.5,17.5,False,0.0,False,KEL,2026-08-08T23:17:23.563263+00:00
0730103WL,Sg. Kelantan di Air Mulih (F1),Pasir Mas,Sungai Kelantan,Sg. Kelantan,2026-08-09 06:45:00+08:00,2.36,4.0,9.0,9.82,10.65,False,0.0,False,KEL,2026-08-08T23:17:23.563263+00:00
,Empangan Bukit Kwong (F1),Pasir Mas,Sungai Golok,Sg. Golok,2026-08-09 06:45:00+08:00,17.69,16.76,17.22,17.37,17.72,True,0.9687500000000024,False,KEL,2026-08-08T23:17:23.563263+00:00
0740121WL,Sg. Golok di Rantau Panjang (F1),Pasir Mas,Sungai Golok,Sg. Golok,2026-08-09 06:45:00+08:00,4.91,5.0,7.0,8.0,9.0,False,0.0,False,KEL,2026-08-08T23:17:23.563263+00:00
0730581WL,Sg. Kelantan di Jambatan Tendong (F2),Pasir Mas,Sungai Kelantan,Sg. Kelantan,2026-08-09 06:45:00+08:00,1.96,3.0,4.0,5.0,6.0,False,0.0,False,KEL,2026-08-08T23:17:23.563263+00:00
,Sg. Kelantan di Kg. Salor (F1),Kota Bharu,Sungai Kelantan,Sg. Salor,2026-08-09 06:45:00+08:00,5.35,1.0,9.0,9.8,10.6,False,0.453125,False,KEL,2026-08-08T23:17:23.563263+00:00
0730671WL,Sg. Kelantan di Tambatan D'Raja (F1),Kota Bharu,Sungai Kelantan,Sg. Kelantan,2026-08-09 06:45:00+08:00,0.93,1.0,3.0,4.0,5.0,False,0.0,False,KEL,2026-08-08T23:17:23.563263+00:00
0731301WL,Sg. Kelantan di Kuala Besar (F1),Kota Bharu,Sungai Kelantan,Sg. Kelantan,2026-08-09 06:45:00+08:00,0.78,1.3,1.5,1.7,1.85,False,0.0,False,KEL,2026-08-08T23:17:23.563263+00:00
0740241WL,Sg. Golok di Kuala Jambu (F1),Tumpat,Sungai Golok,Sg. Golok,2026-08-09 06:45:00+08:00,1.1,0.7,2.0,2.5,3.0,False,0.17391304347826095,False,KEL,2026-08-08T23:17:23.563263+00:00
0720101WL,Sg. Melor di Jambatan Melor (F2),Bachok,Sungai Kemasin,Sg. Melor,2026-08-09 06:45:00+08:00,5.32,6.0,7.0,8.0,9.0,False,0.0,False,KEL,2026-08-08T23:17:23.563263+00:00
0710121WL,Sg. Buaya Ikat di Kg. Pulau Lima (F2),Pasir Puteh,Sungai Semerak,Sg. Buaya Ikat,2026-08-09 06:45:00+08:00,0.77,1.0,2.0,3.0,4.0,False,0.0,False,KEL,2026-08-08T23:17:23.563263+00:00
0710161WL,Sg. Semerak di Tok Bali (F2),Pasir Puteh,Sungai Semerak,Sg. Semerak,2026-08-09 06:45:00+08:00,1.45,0.0,2.5,3.0,4.0,False,0.3625,False,KEL,2026-08-08T23:17:23.563263+00:00
0730891WL,Sg. Nenggiri di Belatop (F1),Gua Musang,Sungai Kelantan,Sg. Nenggiri,2026-08-08 23:30:00+08:00,611.9,605.5,676.0,678.0,680.0,False,0.08590604026845607,True,KEL,2026-08-09T00:49:15.021060+00:00
,Sg. Galas di Kg. Pulai (F1),Gua Musang,Sungai Kelantan,Sg. Galas,2026-08-09 08:30:00+08:00,102.8,107.8,108.1,108.9,109.7,False,0.0,False,KEL,2026-08-09T00:49:15.021060+00:00
0730851WL,Sg. Galas di Kg. Lembaga (F1),Gua Musang,Sungai Kelantan,Sg. Galas,2026-08-09 08:30:00+08:00,82.62,82.4,83.7,85.6,87.9,False,0.03999999999999979,False,KEL,2026-08-09T00:49:15.021060+00:00
0731531WL,Sg. Lebir di Kuala Koh (F1),Gua Musang,Sungai Kelantan,Sg. Lebir,2026-08-08 23:30:00+08:00,62.73,62.0,67.0,71.0,75.0,False,0.056153846153845915,False,KEL,2026-08-09T00:49:15.021060+00:00
0730931WL,Sg. Galas di Limau Kasturi (F1),Gua Musang,Sungai Kelantan,Sg. Galas,2026-08-09 05:00:00+08:00,54.14,53.0,56.0,60.0,61.0,False,0.14250000000000007,False,KEL,2026-08-09T00:49:15.021060+00:00
0730831WL,Sg. Nenggiri di Bertam (F1),Gua Musang,Sungai Kelantan,Sg. Nenggiri,2026-08-09 08:30:00+08:00,47.5,50.4,53.7,56.2,58.1,False,0.0,False,KEL,2026-08-09T00:49:15.021060+00:00
,Sg. Galas di Dabong (F1),Kuala Krai,Sungai Kelantan,Sg. Galas,2026-08-09 07:30:00+08:00,27.33,28.0,35.0,37.0,38.0,False,0.0,False,KEL,2026-08-09T00:49:15.021060+00:00
0730971WL,Sg. Lebir di Kg. Tualang (F1),Kuala Krai,Sungai Kelantan,Sg. Lebir,2026-08-09 08:30:00+08:00,24.01,23.0,30.0,34.0,35.0,False,0.08416666666666679,False,KEL,2026-08-09T00:49:15.021060+00:00
0730761WL,Sg. Lebir di Kg. Karangan (F1),Kuala Krai,Sungai Kelantan,Sg. Lebir,2026-08-09 07:15:00+08:00,21.45,19.0,27.0,33.0,34.0,False,0.16333333333333327,False,KEL,2026-08-09T00:49:15.021060+00:00
0730871WL,Sg. Lebir di Kg. Manik Urai (F1),Kuala Krai,Sungai Kelantan,Sg. Lebir,2026-08-09 08:30:00+08:00,19.96,19.1,30.0,32.0,33.0,False,0.06187050359712227,False,KEL,2026-08-09T00:49:15.021060+00:00
,Sg. Pahi di Kg. Pahi (F1),Kuala Krai,Sungai Kelantan,Sg. Lebir,2026-08-09 01:00:00+08:00,19.53,17.8,28.0,30.0,32.0,False,0.12183098591549299,False,KEL,2026-08-09T00:49:15.021060+00:00
,Sg. Kelantan di Kuala Krai (F1),Kuala Krai,Sungai Kelantan,Sg. Kelantan,2026-08-08 23:30:00+08:00,16.37,17.0,20.0,22.5,25.0,False,0.0,False,KEL,2026-08-09T00:49:15.021060+00:00
0730821WL,Sg. Nal di Kg. Sungai Nal (F1),Kuala Krai,Sungai Kelantan,Sg. Nal,2026-08-09 08:30:00+08:00,18.3,21.0,23.5,24.0,25.0,False,0.0,False,KEL,2026-08-09T00:49:15.021060+00:00
,Sg. Pergau di Kg. Lawar (F1),Jeli,Sungai Kelantan,Sg. Pergau,2026-08-09 08:30:00+08:00,99.34,95.0,101.0,102.0,103.0,False,0.5425000000000004,False,KEL,2026-08-09T00:49:15.021060+00:00
0731241WL,Sg. Pergau di Air Bol (F1),Jeli,Sungai Kelantan,Sg. Pergau,2026-08-07 16:30:00+08:00,-9999.0,70.0,71.3,73.0,74.7,False,0.0,False,KEL,2026-08-09T00:49:15.021060+00:00
,Sg. Lanas di Air Lanas (F1),Jeli,Sungai Golok,Sg. Lanas,2026-08-09 08:30:00+08:00,25.05,27.0,28.5,29.0,29.5,False,0.0,False,KEL,2026-08-09T00:49:15.021060+00:00
,Sg. Kelantan di Kusial Baru (F1),Tanah Merah,Sungai Kelantan,Sg. Kelantan,2026-08-09 08:30:00+08:00,7.16,7.0,12.0,14.0,16.0,False,0.017777777777777795,False,KEL,2026-08-09T00:49:15.021060+00:00
0731371WL,Sg. Kelantan di Kusial (F1),Tanah Merah,Sungai Kelantan,Sg. Kelantan,2026-08-08 23:30:00+08:00,7.28,7.0,12.0,14.0,16.0,False,0.031111111111111138,False,KEL,2026-08-09T00:49:15.021060+00:00
0740261WL,Sg. Golok di Kg. Jenob (F1),Tanah Merah,Sungai Golok,Sg. Golok,2026-08-09 08:30:00+08:00,18.36,19.0,21.5,22.5,23.5,False,0.0,False,KEL,2026-08-09T00:49:15.021060+00:00
0731361WL,Sg. Kelantan di Kg. Temangan (F1),Machang,Sungai Kelantan,Sg. Kelantan,2026-08-09 04:30:00+08:00,9.36,12.0,14.0,15.5,17.5,False,0.0,False,KEL,2026-08-09T00:49:15.021060+00:00
0730103WL,Sg. Kelantan di Air Mulih (F1),Pasir Mas,Sungai Kelantan,Sg. Kelantan,2026-08-09 08:30:00+08:00,2.46,4.0,9.0,9.82,10.65,False,0.0,False,KEL,2026-08-09T00:49:15.021060+00:00
,Empangan Bukit Kwong (F1),Pasir Mas,Sungai Golok,Sg. Golok,2026-08-09 08:30:00+08:00,17.68,16.76,17.22,17.37,17.72,True,0.9583333333333341,False,KEL,2026-08-09T00:49:15.021060+00:00
0740121WL,Sg. Golok di Rantau Panjang (F1),Pasir Mas,Sungai Golok,Sg. Golok,2026-08-09 08:30:00+08:00,4.89,5.0,7.0,8.0,9.0,False,0.0,False,KEL,2026-08-09T00:49:15.021060+00:00
0730581WL,Sg. Kelantan di Jambatan Tendong (F2),Pasir Mas,Sungai Kelantan,Sg. Kelantan,2026-08-09 08:30:00+08:00,1.86,3.0,4.0,5.0,6.0,False,0.0,False,KEL,2026-08-09T00:49:15.021060+00:00
,Sg. Kelantan di Kg. Salor (F1),Kota Bharu,Sungai Kelantan,Sg. Salor,2026-08-09 08:30:00+08:00,5.35,1.0,9.0,9.8,10.6,False,0.453125,False,KEL,2026-08-09T00:49:15.021060+00:00
0730671WL,Sg. Kelantan di Tambatan D'Raja (F1),Kota Bharu,Sungai Kelantan,Sg. Kelantan,2026-08-09 08:30:00+08:00,0.86,1.0,3.0,4.0,5.0,False,0.0,False,KEL,2026-08-09T00:49:15.021060+00:00
0731301WL,Sg. Kelantan di Kuala Besar (F1),Kota Bharu,Sungai Kelantan,Sg. Kelantan,2026-08-09 08:30:00+08:00,0.78,1.3,1.5,1.7,1.85,False,0.0,False,KEL,2026-08-09T00:49:15.021060+00:00
0740241WL,Sg. Golok di Kuala Jambu (F1),Tumpat,Sungai Golok,Sg. Golok,2026-08-09 08:30:00+08:00,1.11,0.7,2.0,2.5,3.0,False,0.17826086956521747,False,KEL,2026-08-09T00:49:15.021060+00:00
0720101WL,Sg. Melor di Jambatan Melor (F2),Bachok,Sungai Kemasin,Sg. Melor,2026-08-09 08:30:00+08:00,5.33,6.0,7.0,8.0,9.0,False,0.0,False,KEL,2026-08-09T00:49:15.021060+00:00
0710121WL,Sg. Buaya Ikat di Kg. Pulau Lima (F2),Pasir Puteh,Sungai Semerak,Sg. Buaya Ikat,2026-08-09 08:30:00+08:00,0.77,1.0,2.0,3.0,4.0,False,0.0,False,KEL,2026-08-09T00:49:15.021060+00:00
0710161WL,Sg. Semerak di Tok Bali (F2),Pasir Puteh,Sungai Semerak,Sg. Semerak,2026-08-09 08:30:00+08:00,1.35,0.0,2.5,3.0,4.0,False,0.3375,False,KEL,2026-08-09T00:49:15.021060+00:00
0730891WL,Sg. Nenggiri di Belatop (F1),Gua Musang,Sungai Kelantan,Sg. Nenggiri,2026-08-08 23:30:00+08:00,611.9,605.5,676.0,678.0,680.0,False,0.08590604026845607,True,KEL,2026-08-09T02:56:09.841848+00:00
,Sg. Galas di Kg. Pulai (F1),Gua Musang,Sungai Kelantan,Sg. Galas,2026-08-09 10:45:00+08:00,102.8,107.8,108.1,108.9,109.7,False,0.0,False,KEL,2026-08-09T02:56:09.841848+00:00
0730851WL,Sg. Galas di Kg. Lembaga (F1),Gua Musang,Sungai Kelantan,Sg. Galas,2026-08-09 10:45:00+08:00,82.61,82.4,83.7,85.6,87.9,False,0.03818181818181705,False,KEL,2026-08-09T02:56:09.841848+00:00
0731531WL,Sg. Lebir di Kuala Koh (F1),Gua Musang,Sungai Kelantan,Sg. Lebir,2026-08-08 23:30:00+08:00,62.73,62.0,67.0,71.0,75.0,False,0.056153846153845915,False,KEL,2026-08-09T02:56:09.841848+00:00
0730931WL,Sg. Galas di Limau Kasturi (F1),Gua Musang,Sungai Kelantan,Sg. Galas,2026-08-09 05:00:00+08:00,54.14,53.0,56.0,60.0,61.0,False,0.14250000000000007,False,KEL,2026-08-09T02:56:09.841848+00:00
0730831WL,Sg. Nenggiri di Bertam (F1),Gua Musang,Sungai Kelantan,Sg. Nenggiri,2026-08-09 10:45:00+08:00,47.5,50.4,53.7,56.2,58.1,False,0.0,False,KEL,2026-08-09T02:56:09.841848+00:00
,Sg. Galas di Dabong (F1),Kuala Krai,Sungai Kelantan,Sg. Galas,2026-08-09 09:45:00+08:00,27.33,28.0,35.0,37.0,38.0,False,0.0,False,KEL,2026-08-09T02:56:09.841848+00:00
0730971WL,Sg. Lebir di Kg. Tualang (F1),Kuala Krai,Sungai Kelantan,Sg. Lebir,2026-08-09 10:45:00+08:00,24.01,23.0,30.0,34.0,35.0,False,0.08416666666666679,False,KEL,2026-08-09T02:56:09.841848+00:00
0730761WL,Sg. Lebir di Kg. Karangan (F1),Kuala Krai,Sungai Kelantan,Sg. Lebir,2026-08-09 07:15:00+08:00,21.45,19.0,27.0,33.0,34.0,False,0.16333333333333327,False,KEL,2026-08-09T02:56:09.841848+00:00
0730871WL,Sg. Lebir di Kg. Manik Urai (F1),Kuala Krai,Sungai Kelantan,Sg. Lebir,2026-08-09 10:45:00+08:00,19.96,19.1,30.0,32.0,33.0,False,0.06187050359712227,False,KEL,2026-08-09T02:56:09.841848+00:00
,Sg. Pahi di Kg. Pahi (F1),Kuala Krai,Sungai Kelantan,Sg. Lebir,2026-08-09 01:00:00+08:00,19.53,17.8,28.0,30.0,32.0,False,0.12183098591549299,False,KEL,2026-08-09T02:56:09.841848+00:00
,Sg. Kelantan di Kuala Krai (F1),Kuala Krai,Sungai Kelantan,Sg. Kelantan,2026-08-08 23:30:00+08:00,16.37,17.0,20.0,22.5,25.0,False,0.0,False,KEL,2026-08-09T02:56:09.841848+00:00
0730821WL,Sg. Nal di Kg. Sungai Nal (F1),Kuala Krai,Sungai Kelantan,Sg. Nal,2026-08-09 10:45:00+08:00,18.3,21.0,23.5,24.0,25.0,False,0.0,False,KEL,2026-08-09T02:56:09.841848+00:00
,Sg. Pergau di Kg. Lawar (F1),Jeli,Sungai Kelantan,Sg. Pergau,2026-08-09 10:45:00+08:00,99.35,95.0,101.0,102.0,103.0,False,0.5437499999999993,False,KEL,2026-08-09T02:56:09.841848+00:00
0731241WL,Sg. Pergau di Air Bol (F1),Jeli,Sungai Kelantan,Sg. Pergau,2026-08-07 16:30:00+08:00,-9999.0,70.0,71.3,73.0,74.7,False,0.0,False,KEL,2026-08-09T02:56:09.841848+00:00
,Sg. Lanas di Air Lanas (F1),Jeli,Sungai Golok,Sg. Lanas,2026-08-09 10:45:00+08:00,25.02,27.0,28.5,29.0,29.5,False,0.0,False,KEL,2026-08-09T02:56:09.841848+00:00
,Sg. Kelantan di Kusial Baru (F1),Tanah Merah,Sungai Kelantan,Sg. Kelantan,2026-08-09 10:45:00+08:00,7.15,7.0,12.0,14.0,16.0,False,0.016666666666666705,False,KEL,2026-08-09T02:56:09.841848+00:00
0731371WL,Sg. Kelantan di Kusial (F1),Tanah Merah,Sungai Kelantan,Sg. Kelantan,2026-08-08 23:30:00+08:00,7.28,7.0,12.0,14.0,16.0,False,0.031111111111111138,False,KEL,2026-08-09T02:56:09.841848+00:00
0740261WL,Sg. Golok di Kg. Jenob (F1),Tanah Merah,Sungai Golok,Sg. Golok,2026-08-09 10:45:00+08:00,18.38,19.0,21.5,22.5,23.5,False,0.0,False,KEL,2026-08-09T02:56:09.841848+00:00
0731361WL,Sg. Kelantan di Kg. Temangan (F1),Machang,Sungai Kelantan,Sg. Kelantan,2026-08-09 04:30:00+08:00,9.36,12.0,14.0,15.5,17.5,False,0.0,False,KEL,2026-08-09T02:56:09.841848+00:00
0730103WL,Sg. Kelantan di Air Mulih (F1),Pasir Mas,Sungai Kelantan,Sg. Kelantan,2026-08-09 10:45:00+08:00,2.09,4.0,9.0,9.82,10.65,False,0.0,False,KEL,2026-08-09T02:56:09.841848+00:00
,Empangan Bukit Kwong (F1),Pasir Mas,Sungai Golok,Sg. Golok,2026-08-09 10:45:00+08:00,-9999.0,16.76,17.22,17.37,17.72,True,0.0,False,KEL,2026-08-09T02:56:09.841848+00:00
0740121WL,Sg. Golok di Rantau Panjang (F1),Pasir Mas,Sungai Golok,Sg. Golok,2026-08-09 10:45:00+08:00,4.86,5.0,7.0,8.0,9.0,False,0.0,False,KEL,2026-08-09T02:56:09.841848+00:00
0730581WL,Sg. Kelantan di Jambatan Tendong (F2),Pasir Mas,Sungai Kelantan,Sg. Kelantan,2026-08-09 10:45:00+08:00,1.59,3.0,4.0,5.0,6.0,False,0.0,False,KEL,2026-08-09T02:56:09.841848+00:00
,Sg. Kelantan di Kg. Salor (F1),Kota Bharu,Sungai Kelantan,Sg. Salor,2026-08-09 10:45:00+08:00,5.35,1.0,9.0,9.8,10.6,False,0.453125,False,KEL,2026-08-09T02:56:09.841848+00:00
0730671WL,Sg. Kelantan di Tambatan D'Raja (F1),Kota Bharu,Sungai Kelantan,Sg. Kelantan,2026-08-09 10:45:00+08:00,0.55,1.0,3.0,4.0,5.0,False,0.0,False,KEL,2026-08-09T02:56:09.841848+00:00
0731301WL,Sg. Kelantan di Kuala Besar (F1),Kota Bharu,Sungai Kelantan,Sg. Kelantan,2026-08-09 10:45:00+08:00,0.8,1.3,1.5,1.7,1.85,False,0.0,False,KEL,2026-08-09T02:56:09.841848+00:00
0740241WL,Sg. Golok di Kuala Jambu (F1),Tumpat,Sungai Golok,Sg. Golok,2026-08-09 10:45:00+08:00,1.1,0.7,2.0,2.5,3.0,False,0.17391304347826095,False,KEL,2026-08-09T02:56:09.841848+00:00
0720101WL,Sg. Melor di Jambatan Melor (F2),Bachok,Sungai Kemasin,Sg. Melor,2026-08-09 10:45:00+08:00,5.32,6.0,7.0,8.0,9.0,False,0.0,False,KEL,2026-08-09T02:56:09.841848+00:00
0710121WL,Sg. Buaya Ikat di Kg. Pulau Lima (F2),Pasir Puteh,Sungai Semerak,Sg. Buaya Ikat,2026-08-09 10:45:00+08:00,0.77,1.0,2.0,3.0,4.0,False,0.0,False,KEL,2026-08-09T02:56:09.841848+00:00
0710161WL,Sg. Semerak di Tok Bali (F2),Pasir Puteh,Sungai Semerak,Sg. Semerak,2026-08-09 10:45:00+08:00,1.36,0.0,2.5,3.0,4.0,False,0.34,False,KEL,2026-08-09T02:56:09.841848+00:00
0730891WL,Sg. Nenggiri di Belatop (F1),Gua Musang,Sungai Kelantan,Sg. Nenggiri,2026-08-08 23:30:00+08:00,611.9,605.5,676.0,678.0,680.0,False,0.08590604026845607,True,KEL,2026-08-09T04:11:06.973418+00:00
,Sg. Galas di Kg. Pulai (F1),Gua Musang,Sungai Kelantan,Sg. Galas,2026-08-09 08:35:00+08:00,102.8,107.8,108.1,108.9,109.7,False,0.0,False,KEL,2026-08-09T04:11:06.973418+00:00
0730851WL,Sg. Galas di Kg. Lembaga (F1),Gua Musang,Sungai Kelantan,Sg. Galas,2026-08-09 11:45:00+08:00,82.62,82.4,83.7,85.6,87.9,False,0.03999999999999979,False,KEL,2026-08-09T04:11:06.973418+00:00
0731531WL,Sg. Lebir di Kuala Koh (F1),Gua Musang,Sungai Kelantan,Sg. Lebir,2026-08-08 23:30:00+08:00,62.73,62.0,67.0,71.0,75.0,False,0.056153846153845915,False,KEL,2026-08-09T04:11:06.973418+00:00
0730931WL,Sg. Galas di Limau Kasturi (F1),Gua Musang,Sungai Kelantan,Sg. Galas,2026-08-09 11:45:00+08:00,54.14,53.0,56.0,60.0,61.0,False,0.14250000000000007,False,KEL,2026-08-09T04:11:06.973418+00:00
0730831WL,Sg. Nenggiri di Bertam (F1),Gua Musang,Sungai Kelantan,Sg. Nenggiri,2026-08-09 11:45:00+08:00,47.5,50.4,53.7,56.2,58.1,False,0.0,False,KEL,2026-08-09T04:11:06.973418+00:00
,Sg. Galas di Dabong (F1),Kuala Krai,Sungai Kelantan,Sg. Galas,2026-08-09 11:15:00+08:00,27.33,28.0,35.0,37.0,38.0,False,0.0,False,KEL,2026-08-09T04:11:06.973418+00:00
0730971WL,Sg. Lebir di Kg. Tualang (F1),Kuala Krai,Sungai Kelantan,Sg. Lebir,2026-08-09 11:45:00+08:00,24.01,23.0,30.0,34.0,35.0,False,0.08416666666666679,False,KEL,2026-08-09T04:11:06.973418+00:00
0730761WL,Sg. Lebir di Kg. Karangan (F1),Kuala Krai,Sungai Kelantan,Sg. Lebir,2026-08-09 07:15:00+08:00,21.45,19.0,27.0,33.0,34.0,False,0.16333333333333327,False,KEL,2026-08-09T04:11:06.973418+00:00
0730871WL,Sg. Lebir di Kg. Manik Urai (F1),Kuala Krai,Sungai Kelantan,Sg. Lebir,2026-08-09 11:45:00+08:00,19.96,19.1,30.0,32.0,33.0,False,0.06187050359712227,False,KEL,2026-08-09T04:11:06.973418+00:00
,Sg. Pahi di Kg. Pahi (F1),Kuala Krai,Sungai Kelantan,Sg. Lebir,2026-08-09 01:00:00+08:00,19.53,17.8,28.0,30.0,32.0,False,0.12183098591549299,False,KEL,2026-08-09T04:11:06.973418+00:00
,Sg. Kelantan di Kuala Krai (F1),Kuala Krai,Sungai Kelantan,Sg. Kelantan,2026-08-08 23:30:00+08:00,16.37,17.0,20.0,22.5,25.0,False,0.0,False,KEL,2026-08-09T04:11:06.973418+00:00
0730821WL,Sg. Nal di Kg. Sungai Nal (F1),Kuala Krai,Sungai Kelantan,Sg. Nal,2026-08-09 11:45:00+08:00,18.3,21.0,23.5,24.0,25.0,False,0.0,False,KEL,2026-08-09T04:11:06.973418+00:00
,Sg. Pergau di Kg. Lawar (F1),Jeli,Sungai Kelantan,Sg. Pergau,2026-08-09 11:45:00+08:00,99.35,95.0,101.0,102.0,103.0,False,0.5437499999999993,False,KEL,2026-08-09T04:11:06.973418+00:00
0731241WL,Sg. Pergau di Air Bol (F1),Jeli,Sungai Kelantan,Sg. Pergau,2026-08-07 16:30:00+08:00,-9999.0,70.0,71.3,73.0,74.7,False,0.0,False,KEL,2026-08-09T04:11:06.973418+00:00
,Sg. Lanas di Air Lanas (F1),Jeli,Sungai Golok,Sg. Lanas,2026-08-09 11:45:00+08:00,25.01,27.0,28.5,29.0,29.5,False,0.0,False,KEL,2026-08-09T04:11:06.973418+00:00
,Sg. Kelantan di Kusial Baru (F1),Tanah Merah,Sungai Kelantan,Sg. Kelantan,2026-08-09 11:45:00+08:00,7.15,7.0,12.0,14.0,16.0,False,0.016666666666666705,False,KEL,2026-08-09T04:11:06.973418+00:00
0731371WL,Sg. Kelantan di Kusial (F1),Tanah Merah,Sungai Kelantan,Sg. Kelantan,2026-08-08 23:30:00+08:00,7.28,7.0,12.0,14.0,16.0,False,0.031111111111111138,False,KEL,2026-08-09T04:11:06.973418+00:00
0740261WL,Sg. Golok di Kg. Jenob (F1),Tanah Merah,Sungai Golok,Sg. Golok,2026-08-09 11:45:00+08:00,18.38,19.0,21.5,22.5,23.5,False,0.0,False,KEL,2026-08-09T04:11:06.973418+00:00
0731361WL,Sg. Kelantan di Kg. Temangan (F1),Machang,Sungai Kelantan,Sg. Kelantan,2026-08-09 04:30:00+08:00,9.36,12.0,14.0,15.5,17.5,False,0.0,False,KEL,2026-08-09T04:11:06.973418+00:00
0730103WL,Sg. Kelantan di Air Mulih (F1),Pasir Mas,Sungai Kelantan,Sg. Kelantan,2026-08-09 11:45:00+08:00,1.94,4.0,9.0,9.82,10.65,False,0.0,False,KEL,2026-08-09T04:11:06.973418+00:00
,Empangan Bukit Kwong (F1),Pasir Mas,Sungai Golok,Sg. Golok,2026-08-09 11:45:00+08:00,17.7,16.76,17.22,17.37,17.72,True,0.9791666666666671,False,KEL,2026-08-09T04:11:06.973418+00:00
0740121WL,Sg. Golok di Rantau Panjang (F1),Pasir Mas,Sungai Golok,Sg. Golok,2026-08-09 11:45:00+08:00,4.85,5.0,7.0,8.0,9.0,False,0.0,False,KEL,2026-08-09T04:11:06.973418+00:00
0730581WL,Sg. Kelantan di Jambatan Tendong (F2),Pasir Mas,Sungai Kelantan,Sg. Kelantan,2026-08-09 11:45:00+08:00,1.48,3.0,4.0,5.0,6.0,False,0.0,False,KEL,2026-08-09T04:11:06.973418+00:00
,Sg. Kelantan di Kg. Salor (F1),Kota Bharu,Sungai Kelantan,Sg. Salor,2026-08-09 11:45:00+08:00,5.35,1.0,9.0,9.8,10.6,False,0.453125,False,KEL,2026-08-09T04:11:06.973418+00:00
0730671WL,Sg. Kelantan di Tambatan D'Raja (F1),Kota Bharu,Sungai Kelantan,Sg. Kelantan,2026-08-09 11:45:00+08:00,0.45,1.0,3.0,4.0,5.0,False,0.0,False,KEL,2026-08-09T04:11:06.973418+00:00
0731301WL,Sg. Kelantan di Kuala Besar (F1),Kota Bharu,Sungai Kelantan,Sg. Kelantan,2026-08-09 11:45:00+08:00,0.81,1.3,1.5,1.7,1.85,False,0.0,False,KEL,2026-08-09T04:11:06.973418+00:00
0740241WL,Sg. Golok di Kuala Jambu (F1),Tumpat,Sungai Golok,Sg. Golok,2026-08-09 11:30:00+08:00,1.1,0.7,2.0,2.5,3.0,False,0.17391304347826095,False,KEL,2026-08-09T04:11:06.973418+00:00
0720101WL,Sg. Melor di Jambatan Melor (F2),Bachok,Sungai Kemasin,Sg. Melor,2026-08-09 11:45:00+08:00,5.31,6.0,7.0,8.0,9.0,False,0.0,False,KEL,2026-08-09T04:11:06.973418+00:00
0710121WL,Sg. Buaya Ikat di Kg. Pulau Lima (F2),Pasir Puteh,Sungai Semerak,Sg. Buaya Ikat,2026-08-09 11:45:00+08:00,0.77,1.0,2.0,3.0,4.0,False,0.0,False,KEL,2026-08-09T04:11:06.973418+00:00
0710161WL,Sg. Semerak di Tok Bali (F2),Pasir Puteh,Sungai Semerak,Sg. Semerak,2026-08-09 11:45:00+08:00,1.36,0.0,2.5,3.0,4.0,False,0.34,False,KEL,2026-08-09T04:11:06.973418+00:00
